title,property_type,city,country,detail,amenities,date,day,month,price,rating,review
"Chalet in Skykomish, Washington, US",,,US,Sky Haus - A-Frame Cabin,,Jun 11 - 16,11,6,306.0,4.85,
"Cabin in Hancock, New York, US",,,US,The Catskill A-Frame - Mid-Century Modern Cabin,,Jun 6 - 11,6,6,485.0,4.77,
"Cabin in West Farmington, Ohio, US",,,US,The Triangle: A-Frame Cabin for your city retreat,,Jul 9 - 14,9,7,119.0,4.91,
"Home in Blue Ridge, Georgia, US",,,US,*Summer Sizzle* 5 Min to Blue Ridge* Pets* Hot tub,Jacuzzi,Jun 11 - 16,11,6,192.0,4.94,
"Treehouse in Grandview, Texas, US",,,US,Luxury Treehouse Couples Getaway w/ Peaceful Views,Air conditioning,Jun 4 - 9,4,6,232.0,4.99,
"Tiny home in Puerto Escondido, Mexico",,,US,Casa Tiny near Casa Wabi,,Jun 21 - 26,21,6,261.0,4.84,
"Home in Saco, Maine, US",,,US,The Beach House. Oceanfront & Sunrise Views!,Air conditioning,Jun 4 - 9,4,6,607.0,4.64,
"Chalet in Grand Étang, Canada",,,US,• Cedar Peak • 2 Bedroom Barrier-Free Chalet,,Jun 8 - 15,8,6,381.0,5.0,
"Room in Mexico City, Mexico",,,US,"Room in apartment, traditional neighborhood",,Jul 3 - 8,3,7,29.0,4.84,
"Tiny home in Sandy Valley, Nevada, US",,,US,Peacock Tiny House near Las Vegas,Air conditioning,Jun 26 - Jul 1,26,,154.0,4.92,
"Guest suite in Huntsville, Canada",,,US,Hidden Valley’s Guest Suite - explore nature,,Sep 4 - 10,4,9,207.0,4.97,
"Cabin in Nelson, Canada",,,US,Downey Family Cabin. Barrel Sauna Included!,,Jun 1 - 6,1,6,162.0,4.99,
"Dome in Joshua Tree, California, US",,,US,Dome in the Desert in Joshua Tree,,Jun 1 - 6,1,6,268.0,4.94,
"Barn in Vero Beach, Florida, US",,,US,Private Barn Studio at Pura Vida Florida Farm,,Sep 11 - 16,11,9,111.0,4.95,
"Tiny home in Bolton, Vermont, US",,,US,Cozy Tiny House Cabin between Burlington and Stowe,,Jun 1 - 6,1,6,174.0,4.97,
"Cabin in Ucluelet, Canada",,,US,Peace Cabin - private waterfront forest retreat,Air conditioning,Sep 8 - 13,8,9,497.0,4.99,
"Barn in Essex, Canada",,,US,14th Homestead Barn Loft,,Jun 11 - 16,11,6,163.0,4.9,
"Apartment in Bacalar, Mexico",,,US,"Lagoon Front Hut: Daily Cleaning, Bikes & Kayaks!",,Jun 18 - 23,18,6,141.0,4.89,
"Treehouse in Travelers Rest, South Carolina, US",,,US,The Forestry House - A modern luxury treehouse.,,Aug 20 - 25,20,8,282.0,,
"Farm stay in Del Norte County, California, US",,,US,Underground Hobbit Hole @ Sustainable Ecovillage,,Jun 9 - 14,9,6,89.0,4.54,
"Treehouse in San Carlos, Costa Rica",,,US,Rainforest Tree House with Hot Springs,,Aug 31 - Sep 5,31,,132.0,4.84,
"Treehouse in Frazeysburg, Ohio, US",,,US,Tullihas in the Trees Off-Grid Treehouse,,Jun 4 - 9,4,6,143.0,4.98,
"Cabin in Rodney, Canada",,,US,SECLUDED LAKESIDE CABIN,,Jul 23 - 28,23,7,463.0,4.99,
"Room in La Habana, Cuba",,,US,Fauria Colonial House (Room 3),,Jun 21 - 26,21,6,29.0,4.92,
"Dome in Terlingua, Texas, US",,,US,Domeland: Off-grid Adobe Dome near Big Bend,,Jul 9 - 14,9,7,136.0,4.95,
"Home in Port Angeles, Washington, US",,,US,Lake Sutherland Waterfront Cabin w/ Expansive Dock,,Sep 1 - 6,1,9,688.0,4.82,
"Treehouse in Fredericksburg, Texas, US",,,US,Luxury Tree House X Magical Romantic Forest! Pool!,Pool,Jun 18 - 23,18,6,658.0,4.91,
"Cottage in Harcourt, Canada",,,US,Scandinavian-Inspired Tiny Home Experience,,Sep 3 - 8,3,9,392.0,4.98,
"Tiny home in Medellín, Colombia",,,US,Tiny House Cubo Nube Santa Elena 40 min. Medellin.,,Jun 17 - 22,17,6,67.0,4.95,
"Cabin in Medellín, Colombia",,,US,Chalet Boutique Saltamontes Santa Elena,,Jun 4 - 9,4,6,51.0,4.94,
"Cabin in Bryson City, North Carolina, US",,,US,Secluded View! A-Frame Hot Tub and Fire Pit,Jacuzzi,Jun 19 - 24,19,6,354.0,4.95,
"Place to stay in Retiro, Colombia",,,US,★ BubbleSky Glamping ★ One Night Under Stars ★3,,Jun 23 - 28,23,6,107.0,4.9,
"Cabin in Bluefields, Jamaica",,,US,Cozy Oceanview Cabin,,Jul 14 - 21,14,7,102.0,4.88,
"Hut in Bavaro, Dominican Republic",,,US,Hut #1 Romantic Luxury Beachfront,"Ocean front, Air conditioning",Jul 1 - 6,1,7,171.0,4.89,
"Treehouse in Marion, North Carolina, US",,,US,Treehouse w/Breathtaking Views+HotTub+Hiking+Falls,,Aug 12 - 17,12,8,286.0,5.0,
"Dome in Sandgate, Vermont, US",,,US,“Whimsical Stone Abode” - Boston Magazine,,Jun 6 - 11,6,6,301.0,5.0,
"Condo in Puerto Vallarta, Mexico",,,US,Buddha Loft in Romantic Zone of Puerto Vallarta,,Jul 12 - 17,12,7,112.0,4.85,
"Cabin in Sanbornton, New Hampshire, US",,,US,The G Frame...an offGrid Cabin + woodstove sauna,,Jun 4 - 9,4,6,169.0,4.96,
"Room in La Habana, Cuba",,,US,Casa Blanca B&B with beautiful terrace &sea views,"Ocean view, Air conditioning",Sep 11 - 16,11,9,43.0,4.82,
"Home in Moss Beach, California, US",,,US,Walk to the Beach from this Ocean Front Home,"Ocean front, Air conditioning",Jun 1 - 6,1,6,1463.0,4.94,
"Cottage in Wheatley, Canada",,,US,"Cozy Modern Beach House w/ Pool, Hot Tub & More!","Pool, Jacuzzi, Air conditioning",Jun 4 - 11,4,6,764.0,4.74,
"Cabin in Topanga, California, US",,,US,"Crystal Cabin, Restored Vintage Lodge in Topanga State Park",,Jun 3 - 8,3,6,225.0,4.94,
"Chalet in Cajicá, Colombia",,,US,Casa Anís,,Jun 1 - 6,1,6,40.0,4.96,
"Cabin in Center Conway, New Hampshire, US",,,US,Warm Pine A-frame Nestled In The Trees!,,Jul 1 - 6,1,7,287.0,4.79,
"Cottage in Renous, Canada",,,US,Hambrook Point Cottage “Homestead”,,Jun 25 - 30,25,6,93.0,4.87,
"Tiny home in Huntsville, Missouri, US",,,US,O’s Barn Cabin,,Jul 4 - 9,4,7,118.0,4.94,
"Tiny home in Castleton, Canada",,,US,"Artsy ""Glamping"" experience",,Jul 21 - 26,21,7,138.0,4.91,
"Cottage in Bodega Bay, California, US",,,US,"Seamist Beach Cottage, Private Beach & Ocean views","Ocean view, Air conditioning",Aug 13 - 18,13,8,670.0,4.7,
"Cabin in Rocky View County, Canada",,,US,100+ Year old Rustic Log Cabin near Ghost Lake,,Aug 25 - 30,25,8,135.0,4.83,
"Houseboat in Low, Canada",,,US,The Dragon + Private Island,,Jun 1 - 6,1,6,178.0,4.87,
"Guesthouse in Key Largo, Florida, US",,,US,"Private Cottage, enjoy beach, sunsets & fishing.",Air conditioning,Jul 11 - 16,11,7,218.0,4.89,
"Condo in Malibu, California, US",,,US,"Malibu, Carbon Beach - Suite Seven",Air conditioning,Jun 6 - 13,6,6,898.0,4.86,
"Cottage in Petit-Tracadie, Canada",,,US,Waterfront Cottage #1 /Waterfront cottage,,Jun 4 - 9,4,6,144.0,4.92,
"Cabin in Jarratt, Virginia, US",,,US,Harrell’s Cabin,,Jun 4 - 9,4,6,125.0,4.82,
"Cabin in El Peñol, Colombia",,,US,6 Ibuku Big Cabin by Lake Jacuzzi Kayak,"Jacuzzi, Air conditioning",Jun 12 - 17,12,6,220.0,4.93,
"Guest suite in North Vancouver, Canada",,,US,The Brite House - Oceanfront Sojourn,,Jun 6 - 11,6,6,305.0,4.87,
"Home in Shirley, Canada",,,US,♨ Cedar Coast Lodge - Coastal retreat w/ HOT TUB,Jacuzzi,Jun 4 - 9,4,6,480.0,4.82,
"Apartment in Miami, Florida, US",,,US,"LUXURY 5★s ICON BRICKELL CONDO@47TH, GYM/POOL",Pool,Jun 27 - Jul 4,27,,398.0,4.89,
"Room in Kansas City, Missouri, US",,,US,Mansion in the Park - garden view queen en suite,,Jun 4 - 10,4,6,148.0,4.99,
"Dome in Lac-Supérieur, Canada",,,US,Dome L'Albatros | Private Spa | BBQ Zone,,Jul 25 - 31,25,7,322.0,4.86,
"Chalet in Saint-Damien, Canada",,,US,The Majesta ! Incredible Sunset !,,Jun 1 - 6,1,6,315.0,5.0,
"Home in Tulum, Mexico",,,US,"Heaven Lodge, entire house surrounded by nature",,Jun 2 - 7,2,6,128.0,4.86,
"Apartment in Tulum, Mexico",,,US,☆King Bed Apartment☆ Suk-Ha ☆ La Veleta,,Jun 1 - 6,1,6,55.0,4.6,
"Chalet in Durham, Canada",,,US,Newly-Constructed Riverfront Chalet,,Jun 4 - 9,4,6,360.0,4.97,
"Tent in Island Park, Idaho, US",,,US,"Yellowstone Luxury Tent; sleeps 3, 1 king +1 futon",,Jun 15 - 20,15,6,224.0,5.0,
"Cabin in Arrowbear Lake, California, US",,,US,A-Frame Apogee | Hot Tub · Epic Views · Swing Set,Jacuzzi,Jun 19 - 24,19,6,227.0,4.96,
"Home in Borinquen, Puerto Rico",,,US,The Nest at Crash Boat. Only waterfront on Beach,Air conditioning,Aug 7 - 12,7,8,363.0,4.9,
"Cottage in Wasaga Beach, Canada",,,US,Cozy Riverfront Cottage Retreat with Dock,,Jun 11 - 16,11,6,232.0,4.84,
"Tiny home in Blockhouse, Canada",,,US,The Ruby -A Rustic Red Ark tiny home,,Jun 18 - 23,18,6,81.0,4.98,
"Guesthouse in Peachland, Canada",,,US,Romantic lakefront estate with lake view & deck,,Jun 2 - 7,2,6,271.0,5.0,
"Cabin in Shaftsbury, Vermont, US",,,US,The Vermont Dream Cabin on 70 Acres,Air conditioning,Jun 4 - 9,4,6,219.0,4.89,
"Cabin in Tulum, Mexico",,,US,Jungle Lodge at Nahouse in Tulum,,Jun 1 - 6,1,6,109.0,,
"Dome in Windermere, Canada",,,US,Cougar Dome at Winderdome Resort!,,Aug 27 - Sep 1,27,,335.0,5.0,
"Condo in Myrtle Beach, South Carolina, US",,,US,Cool Clean Condo with Brilliant Oceanfront View,,Jun 25 - Jul 1,25,,261.0,4.58,
"Hotel room in Laguna Beach, California, US",,,US,Beachfront Laguna Beach Magnificent Oceanviews 26,"Ocean front, Air conditioning",Jun 1 - 6,1,6,287.0,4.38,
"Apartment in Playa del Carmen, Mexico",,,US,"Su mejor opción en Playa del Carmen, a pasos de la quinta av.",,Jun 4 - 9,4,6,89.0,4.78,
"Tiny home in Maynooth, Canada",,,US,Cozy Cabin #2 - private cabin in the wilderness!,,Jun 4 - 9,4,6,71.0,4.89,
"Guesthouse in Cabo Rojo, Puerto Rico",,,US,Villa Vista Puerto,,Jun 26 - Jul 1,26,,138.0,4.86,
"Tiny home in Canning, Canada",,,US,Split View Two,,Aug 2 - 7,2,8,134.0,4.95,
"Cottage in Luquillo, Puerto Rico",,,US,The Sugar Shack a unique cabin in the Rainforest,Air conditioning,Sep 4 - 9,4,9,75.0,4.92,
"Condo in Lahaina, Hawaii, US",,,US,Noelani-My Perfect Stays Special: Jun 9-16 $189,,Jun 9 - 14,9,6,302.0,4.82,
"Condo in Hollywood, Florida, US",,,US,Amazing Hyde One-bedroom apartment on the Beach,Air conditioning,Jun 4 - 9,4,6,248.0,4.56,
"Cabin in Naples, New York, US",,,US,East hill cabins #1,,Jun 11 - 16,11,6,91.0,4.82,
"Campsite in Nemaiah Valley, Canada",,,US,Sunset Wilderness Camp,,Jun 1 - 6,1,6,34.0,4.0,
"Loft in The Blue Mountains, Canada",,,US,Chateau Ridge Chalet w/ Mountain View,,Jun 5 - 12,5,6,154.0,4.84,
"Loft in The Blue Mountains, Canada",,,US,Cozy Blue Mountain Retreat @!@Spring Rates@!@,,Jun 4 - 9,4,6,118.0,4.72,
"Room in Mexico City, Mexico",,,US,5 min to Airport with Terrace in a Safe area !,Air conditioning,Jun 3 - 8,3,6,31.0,4.85,
"Tiny home in Komoka, Canada",,,US,The Cabin at Fernwood Hills,,Jun 11 - 16,11,6,112.0,4.9,
"Place to stay in Punta Cana, Dominican Republic",,,US,Hut #3 Romantic Luxury on the sand,,Jul 11 - 16,11,7,132.0,4.86,
"Home in Hilbert, Wisconsin, US",,,US,State Park A-Frame with Hiking Trails & Arcade,,Jun 4 - 9,4,6,239.0,4.97,
"Dome in Whittier, North Carolina, US",,,US,Luxury Dome w/ Hot Tub & Mountain View,Jacuzzi,Aug 7 - 12,7,8,291.0,5.0,
"Place to stay in Punta Cana, Dominican Republic",,,US,Hut #3 Romantic Luxury on the sand,,Jul 11 - 16,11,7,132.0,4.86,
"Home in Hilbert, Wisconsin, US",,,US,State Park A-Frame with Hiking Trails & Arcade,,Jun 4 - 9,4,6,239.0,4.97,
"Home in Puntarenas Province, Costa Rica",,,US,House with pool in the heights of Santa Teresa,Pool,Jun 4 - 9,4,6,230.0,5.0,
"Loft in Monteverde, Costa Rica",,,US,Kapetsowa Container Loft near Monteverde Reserve,,Sep 5 - 10,5,9,159.0,4.87,
"Nature lodge in Quesada, Costa Rica",,,US,Cabin Over a water fall,,Jun 5 - 10,5,6,82.0,4.94,
"Boat in Key West, Florida, US",,,US,Cozy Houseboat “Wild One”,,Jun 11 - 16,11,6,233.0,5.0,
"Cabin in Zapotal, Costa Rica",,,US,Pipe’s Lodge,,Jun 4 - 9,4,6,51.0,4.87,
"Guesthouse in Destin, Florida, US",,,US,New Carriage House * 1 Block to Beach * King Bed!,Air conditioning,Aug 13 - 18,13,8,231.0,,
"Tiny home in Playa Hermosa, Costa Rica",,,US,Beachfront Bungalow with private hydromassage Pool,"Pool, Ocean front, Air conditioning",Jul 3 - 9,3,7,162.0,4.95,
"Home in Bellingham, Washington, US",,,US,Bellingham A-Frame - Hot tub & Firepit,Jacuzzi,Jun 11 - 16,11,6,232.0,,
"Apartment in San Juan, Puerto Rico",,,US,"Villa Bohème 3, 1BR with Patio",,Jul 8 - 13,8,7,115.0,,
"Loft in Mexico City, Mexico",,,US,Loft Boutique Cd de México Mountain view 🏔,,Jul 9 - 14,9,7,57.0,4.84,
"Cabin in Gold Bar, Washington, US",,,US,New lux cabin w/mount index view,,Jun 25 - 30,25,6,253.0,4.86,
"Home in Malibu, California, US",,,US,Guesthouse Great Ocean & Mountain Views near Beach,Air conditioning,Jul 31 - Aug 5,31,,468.0,4.87,
"Tiny home in Orlando, Florida, US",,,US,The Little Tree House at Country Club of Orlando,,Jul 9 - 14,9,7,127.0,4.98,
"Boat in Marathon, Florida, US",,,US,Paradise awaits on this cozy houseboat!,,Jul 17 - 22,17,7,276.0,4.77,
"Hut in Uvero Alto - Bavaro - Punta Cana, Dominican Republic",,,US,Hut #2 Romantic Luxury on the sand,,Aug 1 - 6,1,8,186.0,4.94,
"Loft in Mazamitla, Mexico",,,US,Loft ALAMO /El Refugio Cabañas Mazamitla,,Jun 25 - 30,25,6,58.0,4.44,
"Hut in Uvero Alto - Bavaro - Punta Cana, Dominican Republic",,,US,Hut #2 Romantic Luxury on the sand,,Aug 1 - 6,1,8,186.0,4.94,
"Apartment in Punta Cana, Dominican Republic",,,US,Pool View Beach Residence / Private Beach Access,"Pool, Air conditioning",Jun 21 - 26,21,6,37.0,4.71,
"Treehouse in Wardensville, West Virginia, US",,,US,Eagles Nest Treehouse w/Hot tub!,Jacuzzi,Jun 4 - 10,4,6,244.0,,
"Boat in Stuart, Florida, US",,,US,Modern Houseboat On the water,,Aug 6 - 11,6,8,173.0,4.97,
"Apartment in Playa del Carmen, Mexico",,,US,BoHo lofts & studios new modern w/ ocean-view pool,Pool,Jun 1 - 7,1,6,38.0,4.59,
"Condo in Miami Beach, Florida, US",,,US,Oceanfront 14th Floor Brand New Beachfront Flat,"Ocean front, Air conditioning",Jun 14 - 19,14,6,302.0,4.85,
"Earthen home in Weaverville, North Carolina, US",,,US,Hobbithenge,,Jun 5 - 10,5,6,142.0,4.83,
"Shipping container in Playa Hermosa, Costa Rica",,,US,Beachfront Bungalow w/ private hydromassage pool 2,"Pool, Ocean front, Air conditioning",Jun 10 - 15,10,6,147.0,4.9,
"Cabin in Marion, North Carolina, US",,,US,"Luxury Treehouse, Romantic, Views, Hike-Waterfall",,Jul 29 - Aug 3,29,,228.0,5.0,
"Camper/RV in Half Moon Bay, California, US",,,US,Quiet and Private Retreat in a 1967 Airstream on the Coast.,,Jun 25 - 30,25,6,220.0,4.93,
"Dome in Hiawassee, Georgia, US",,,US,Tiny Dome River Glamping Experience,,Jun 18 - 23,18,6,143.0,4.86,
"Apartment in San José, Costa Rica",,,US,New Boho Sabana Apartment Close to Airports w/ AC,Air conditioning,Jun 23 - 28,23,6,89.0,4.85,
"Condo in Rosarito, Mexico",,,US,Elegant Ocean Front Condo! Rosarito Beach !WOW!!,"Ocean front, Air conditioning",Jun 10 - 15,10,6,171.0,4.81,
"Condo in Atlantic City, New Jersey, US",,,US,Highest Reviewed - Ocean Front + Free Parking!,"Ocean front, Parking",Jun 18 - 23,18,6,170.0,4.85,
"Cabin in Santa Marta, Colombia",,,US,The Dawn of Annapurna Cabin,,Jul 29 - Aug 3,29,,61.0,4.87,
"Home in Cabo San Lucas, Mexico",,,US,"Cabo Center,Ocean view Great price!",Ocean view,Jun 6 - 11,6,6,55.0,4.94,
"Home in Kawartha Lakes, Canada",,,US,nortehaus - Nordic and Japanese inspired escape,,Jun 18 - 23,18,6,402.0,5.0,
"Loft in Cholula, Mexico",,,US,Architect's Loft in Cholula,,Jun 18 - 23,18,6,32.0,4.81,
"Cabin in Jacó, Costa Rica",,,US,Jungle house 3km to Jaco beach & town center,Air conditioning,Jun 30 - Jul 5,30,,76.0,4.84,
"Tiny home in Malibu, California, US",,,US,"Malibu Charming GH, Mins Drive to Beach & Hike",Air conditioning,Jul 22 - 27,22,7,332.0,4.78,
"Apartment in Orlando, Florida, US",,,US,Studio near Disney,,Jun 10 - 15,10,6,80.0,4.43,
"Treehouse in Río Grande, Puerto Rico",,,US,Charming Treehouse with Pool,Pool,Sep 10 - 15,10,9,217.0,5.0,
"Loft in Mazatlán, Mexico",,,US,Oceanfront loft,,Jun 10 - 15,10,6,100.0,4.92,
"Apartment in Cancún, Mexico",,,US,Majestic Ocean Front Terrace II,"Ocean front, Air conditioning",Jul 23 - 29,23,7,57.0,4.83,
"Home in Real Montecassino, Mexico",,,US,New! Bamboo Bosque Mio (Stars & Campfires),,Jun 4 - 9,4,6,113.0,4.82,
"Cottage in Huntsville, Canada",,,US,"Cabin for 2 w/ Hot Tub, Muskoka Romantic Getaway",Jacuzzi,Jun 1 - 6,1,6,335.0,4.97,
"Apartment in La Habana, Cuba",,,US,Old Havana+Cuban Style Place+Roof Top+WiFi,"Wi-Fi, Air conditioning",Jun 4 - 9,4,6,57.0,4.48,
"Home in Vero Beach, Florida, US",,,US,"Heated Pool, Putt Putt Golf",Pool,Jun 11 - 16,11,6,468.0,4.93,
"Room in Cuauhtémoc, , Mexico",,,US,Guest Suite in Historic Architecture Home,,Jun 16 - 23,16,6,55.0,4.82,
"Condo in Kaunakakai, Hawaii, US",,,US,$87 a night Molokai Escape Condo,,Jun 29 - Jul 6,29,,101.0,4.76,
"Treehouse in Atenas, Costa Rica",,,US,Treehouse on a Coffee Farm with Ocean View,Ocean view,Jun 25 - Jul 2,25,,74.0,5.0,
"Apartment in Tulum, Mexico",,,US,Design Casa Patchouli with private pool and lounge,Pool,Jun 21 - 26,21,6,283.0,4.98,
"Shipping container in Jauca, Puerto Rico",,,US,Pequeño espacio Romántico piscina y muelle privado,Air conditioning,Jul 17 - 22,17,7,220.0,4.95,
"Tiny home in Peachland, Canada",,,US,Haven in the Woods- tiny home WiFi & solar power,Wi-Fi,Jun 11 - 16,11,6,76.0,5.0,
"Shipping container in Puerto Viejo de Talamanca, Costa Rica",,,US,Mimosa Y - Beautiful Unique Container Home w' Pool,Pool,Jun 3 - 8,3,6,90.0,4.85,
"Shipping container in Puerto Viejo de Talamanca, Costa Rica",,,US,Mimosa Y - Beautiful Unique Container Home w' Pool,Pool,Jun 3 - 8,3,6,90.0,4.85,
"Apartment in Acapulco, Mexico",,,US,COMFORTABLE BEACH DEPA OVERLOOKING THE SEA,Air conditioning,Jun 4 - 9,4,6,42.0,4.57,
"Yurt in Airville, Pennsylvania, US",,,US,Waterfront Glamping Muddy Creek PA,,Jun 4 - 10,4,6,102.0,4.95,
"Boutique hotel in San Juan, Puerto Rico",,,US,2 Pools on property | Walk to the beach | Rosalina Ocean Park | Luxury Suite 3,"Pool, Air conditioning",Jul 27 - Aug 2,27,,164.0,4.81,
"Room in Acapulco, Mexico",,,US,Love nest when singing of the Sea!,,Jun 6 - 11,6,6,41.0,4.68,
"Home in Pinilla, Costa Rica",,,US,Casa La Paz vistas al mar @ Pinilla Highlands,,Jul 30 - Aug 6,30,,146.0,4.86,
"Farm stay in Siler City, North Carolina, US",,,US,Lovely farm cabin experience,,Jun 11 - 16,11,6,114.0,5.0,
"Tiny home in Horning's Mills, Canada",,,US,Pine River Bunkies: Heron’s Landing Off Grid Cabin,,Jun 1 - 6,1,6,120.0,4.89,
"Camper/RV in Ashford, Washington, US",,,US,The Alpine Airstream at Mt. Rainier with Hot Tub,Jacuzzi,Jun 11 - 16,11,6,286.0,5.0,
"Bungalow in Newport Beach, California, US",,,US,"Surf, Sand & Sunsets - Goldenrod CdM BEACH STUDIO",Air conditioning,Jul 31 - Aug 7,31,,229.0,4.8,
"Hut in Guarne, Colombia",,,US,Refugio LOS PAPIROS,,Jun 4 - 9,4,6,18.0,4.89,
"Room in Acapulco, Mexico",,,US,Beach crab.,Air conditioning,Jun 1 - 6,1,6,43.0,4.74,
"Cabin in Fennville, Michigan, US",,,US,Fire & Water | Rejuvenating Stay on the Riverbend,,Jun 4 - 9,4,6,743.0,4.83,
"Home in Tamanique, El Salvador",,,US,Black rose -Right house-,Air conditioning,Jun 11 - 16,11,6,243.0,4.63,
"Nature lodge in Las Galeras, Dominican Republic",,,US,"Casa El Paraiso, Las Galeras (room #5)",,Jun 10 - 15,10,6,286.0,4.94,
"Room in Monteverde, Costa Rica",,,US,Holistic House Diamond,,Jun 5 - 11,5,6,160.0,4.96,
"Tiny home in Malibu, California, US",,,US,"Malibu Serene Guest House, Mins to Beach & Hike",Air conditioning,Jun 25 - 30,25,6,252.0,4.77,
"Apartment in Cancún, Mexico",,,US,Free Transportation / Premium Beach Loft 1711th,Air conditioning,Jun 1 - 6,1,6,138.0,5.0,
"Cabin in Gilmour, Canada",,,US,Cozy cabin on 5 acres !,Air conditioning,Jun 4 - 9,4,6,86.0,4.73,
"Condo in Ocean City, Maryland, US",,,US,OceanfrontStudio-Slps4-Pool-Pickleball-HBOMax-Dis+,Pool,Jun 9 - 16,9,6,291.0,4.94,
"Apartment in Cancún, Mexico",,,US,Amazing Ocean Front II,Ocean front,Jul 9 - 14,9,7,45.0,4.88,
"Condo in Rosarito, Mexico",,,US,LUXE & STYLISH/3BR/LAS OLAS CONDO/12TH FLR/ROSARITO,,Jun 11 - 16,11,6,173.0,4.8,
"Room in New York, New York, US",,,US,"Lovely Private Room-Manhattan, 70s-Upper East Side",,Jul 9 - 14,9,7,103.0,4.93,
"Cottage in Islamorada, Florida, US",,,US,1 BD PRIVATE HOUSEBOAT/ COTTAGE TARPON,,Aug 6 - 11,6,8,229.0,4.85,
"Apartment in Gordonville, Pennsylvania, US",,,US,“What a wonderful world” - Modern Farmhouse,,Jun 4 - 9,4,6,165.0,4.87,
"Cottage in Quintana Roo, Mexico",,,US,Glass Roof House #2 at Glass 20.87,,Jun 10 - 15,10,6,221.0,4.93,
"Cabin in Georgetown, Maine, US",,,US,"Modern Cabin On Pond, AC & Porch",Air conditioning,Jun 2 - 7,2,6,231.0,,
"Apartment in Marina del Rey, California, US",,,US,Romantic Ocean Penthouse w/ panoramic marina views,,Jun 1 - 8,1,6,247.0,4.77,
"Hotel in Tepoztlán, Mexico",,,US,Posada Sarita,,Jun 3 - 10,3,6,50.0,4.56,
"Cottage in Oceanside, California, US",,,US,"Beach Bungalow on the Sand, Steps to the Ocean",Air conditioning,Jun 3 - 8,3,6,483.0,4.93,
"Apartment in Los Angeles, California, US",,,US,Historic Venice Apt 1/2 blocks to beach+parking,"Parking, Air conditioning",Nov 16 - 21,16,11,185.0,4.94,
"Home in Cape Coral, Florida, US",,,US,Amazing Modern Home with Pool and Hot Tub!,"Pool, Jacuzzi",Jul 11 - 16,11,7,167.0,4.84,
"Condo in Malibu, California, US",,,US,"Malibu, Carbon Beach - Suite Three",Air conditioning,Jun 4 - 9,4,6,649.0,4.8,
"Farm stay in Saint Marys, Canada",,,US,Cozy Farm Stay Getaway,,Jun 11 - 16,11,6,99.0,4.86,
"Tiny home in Mill Village, Canada",,,US,UpStream (Waterfront Cabin With Wood Stove & WiFi),Wi-Fi,Jun 25 - 30,25,6,97.0,4.87,
"Place to stay in Tepoztlán, Mexico",,,US,M6. Alojamiento ideal para explorar Tepoztlán,,Jun 25 - Jul 1,25,,40.0,4.86,
"Cabin in Mineral Bluff, Georgia, US",,,US,Scenic Solitude-Amazing Mountain views on 5 acres,Air conditioning,Jun 4 - 9,4,6,302.0,5.0,
"Room in New York, New York, US",,,US,"Lovely Private Room-Manhattan, 70s-Upper East Side",,Jul 9 - 14,9,7,103.0,4.93,
"Cottage in Islamorada, Florida, US",,,US,1 BD PRIVATE HOUSEBOAT/ COTTAGE TARPON,,Aug 6 - 11,6,8,229.0,4.85,
"Apartment in Gordonville, Pennsylvania, US",,,US,“What a wonderful world” - Modern Farmhouse,,Jun 4 - 9,4,6,165.0,4.87,
"Cottage in Quintana Roo, Mexico",,,US,Glass Roof House #2 at Glass 20.87,,Jun 10 - 15,10,6,221.0,4.93,
"Condo in Luquillo, Puerto Rico",,,US,“Playa Luna”- Breathtaking Ocean and City Views,,Jul 2 - 7,2,7,138.0,4.88,
"Room in Malibu, California, US",,,US,"Peace, Beauty & Ocean View, Malibu","Ocean view, Air conditioning",Sep 12 - 17,12,9,189.0,4.95,
"Treehouse in Sundridge, Canada",,,US,Lount Treetop Rentals - Unit 2,,Jun 1 - 6,1,6,135.0,4.97,
"Apartment in Galveston, Texas, US",,,US,Beach Front Condo In Casa Del Mar,Air conditioning,Jun 18 - 24,18,6,205.0,4.72,
"Apartment in Laguna Beach, California, US",,,US,Laguna Beach Studio Oceanviews 49,Air conditioning,Jun 1 - 6,1,6,148.0,4.36,
"Apartment in Punta Cana, Dominican Republic",,,US,Charming Beach Condo in Bavaro Top Location,Air conditioning,Jun 3 - 8,3,6,57.0,4.76,
"Cabin in Woodford, Vermont, US",,,US,400+ Airbnb Visits: Incredible Mountain Cabin,,Jun 4 - 9,4,6,137.0,4.85,
"Cabin in Bowen Island, Canada",,,US,the legendary wildwood cabins ~ CABIN 2,,Sep 24 - 29,24,9,126.0,4.99,
"Hotel room in Laguna Beach, California, US",,,US,Oceanfront Laguna Beach Amazing Views 28,Air conditioning,Jun 4 - 9,4,6,276.0,4.63,
"Place to stay in Hopatcong, New Jersey, US",,,US,Lake Sports Home & Super water sports!,,Aug 20 - 25,20,8,154.0,5.0,
"Guesthouse in Naples, Florida, US",,,US,Waterfront Sea Cottage,,Jun 13 - 18,13,6,82.0,4.8,
"Cabin in Reaboro, Canada",,,US,Cedar Springs Cabin - A Cozy Hideaway in the Woods,,Jun 16 - 21,16,6,346.0,4.97,
"Apartment in San José del Cabo, Mexico",,,US,Beachfront at its finest @ San Jose del Cabo! 🤩🏄🏼‍♂️🏖,"Ocean front, Air conditioning",Jun 22 - 29,22,6,78.0,4.75,
"Cabin in Puerto Viejo de Talamanca, Costa Rica",,,US,Tiny Beach front house,Air conditioning,Jul 24 - 29,24,7,89.0,4.73,
"Tiny home in Tremont, Maine, US",,,US,Coyote's Den at The Howling Woods,,Jun 28 - Jul 3,28,,123.0,4.87,
"Home in Manzanita, Oregon, US",,,US,"Near Ocean, BBQ, Dog OK, Cute Manzanita Beach",Air conditioning,Jun 1 - 6,1,6,147.0,,
"Home in Hamilton, Canada",,,US,Stunning house on lake Ontario,,Jun 25 - 30,25,6,210.0,4.9,
"Tiny home in Key Largo, Florida, US",,,US,"Oceanfront Lookout Point w/two Kayaks,Beach & Dock",Air conditioning,Aug 12 - 17,12,8,254.0,4.86,
"Hotel in Willemstad, Curaçao",,,US,Saint Tropez Boutique Hotel,,Jun 22 - 27,22,6,125.0,4.78,
"Cabin in Bowen Island, Canada",,,US,the legendary wildwood cabins ~ CABIN 4,,Jul 8 - 13,8,7,173.0,4.98,
"Room in Key West, Florida, US",,,US,1-Private room/bbq/patio. 2 full bed 1 couch bed.,,Jul 29 - Aug 3,29,,258.0,4.83,
"Condo in East End, U.S. Virgin Islands",,,US,Beautiful corner unit condo right on the beach!,Air conditioning,Jun 3 - 8,3,6,298.0,4.97,
"Boat in Stuart, Florida, US",,,US,House Boat Sunset Bay Marina Stuart Fl,,Sep 10 - 15,10,9,127.0,4.92,
"Apartment in Guanacaste Province, Costa Rica",,,US,Surf Shack Guiones - perfect beach location,Air conditioning,Jun 17 - 24,17,6,130.0,4.82,
"Hut in Balderson, Canada",,,US,Glamping Cabin at Balderson Blueberries,,Jun 11 - 16,11,6,80.0,4.89,
"Tiny home in Aptos, California, US",,,US,Bamboo Cottage in Aptos Mountain Retreat & Spa,,Jul 16 - 21,16,7,130.0,4.78,
"Guesthouse in Naalehu, Hawaii, US",,,US,The Ohana,,Jun 23 - 28,23,6,99.0,4.86,
"Condo in Honolulu, Hawaii, US",,,US,23FL Skyline King Studio w/Ocean & City Views.,,Jun 12 - 18,12,6,221.0,4.95,
"Boutique hotel in Miami Beach, Florida, US",,,US,Room 2 Queen beds- Buffet Breakfast-Steps to beach,Air conditioning,Jun 5 - 10,5,6,116.0,4.38,
"Condo in Miami, Florida, US",,,US,"Luxury Condo in Hotel, amenities Downtown/Brickell",,Jun 11 - 16,11,6,219.0,4.94,
"Guesthouse in Naalehu, Hawaii, US",,,US,The Ohana,,Jun 23 - 28,23,6,99.0,4.86,
"Tiny home in Sackville, Canada",,,US,Enchanting Tiny Home 1 KM from downtown Sackville,Air conditioning,Jun 3 - 8,3,6,117.0,4.86,
"Apartment in Carolina, Puerto Rico",,,US,Isla Verde Beach Studio {105},Air conditioning,Jul 23 - 28,23,7,97.0,4.67,
"Condo in Atlantic City, New Jersey, US",,,US,Beachfront Condo Now Available! Sleeps 4 + Parking,"Ocean front, Parking, Air conditioning",Jun 4 - 9,4,6,133.0,4.51,
"Bungalow in Puerto Viejo de Talamanca, Costa Rica",,,US,CASA BADAWI in 400m Tropical Garden. Optical Fiber,,Jun 6 - 11,6,6,72.0,4.96,
"Apartment in Santa Teresa Beach, Costa Rica",,,US,Beachside Apartment with Pool,"Pool, Air conditioning",Jun 10 - 15,10,6,117.0,4.84,
"Condo in Miami Beach, Florida, US",,,US,Oceanfront 16th Floor Brand New Beachfront Flat,"Ocean front, Air conditioning",Jun 7 - 12,7,6,302.0,4.83,
"Chalet in Matapalo, Costa Rica",,,US,"House1 private swming pool, BBQ ranch, wifi 200mb","Pool, Wi-Fi",Jun 26 - Jul 1,26,,43.0,4.83,
"Room in Panama City Beach, Florida, US",,,US,"LOVELY ROOM, WALK TO BEACH, GORGEOUS DECK",Air conditioning,Jun 17 - 22,17,6,146.0,4.88,
"Apartment in Yachats, Oregon, US",,,US,Beachfront Escape Unit #1 at Beachcomber Cottages,"Ocean front, Air conditioning",Jun 20 - 25,20,6,212.0,4.54,
"Condo in San Juan, Puerto Rico",,,US,CDM-Beach living @ Condado with pool and parking!,"Pool, Parking, Air conditioning",Jul 9 - 14,9,7,144.0,4.84,
"Condo in Luquillo, Puerto Rico",,,US,AHHH-MAZING VIEWS! Beach Front Apt.,Air conditioning,Sep 6 - 12,6,9,121.0,4.88,
"Home in Avalon, California, US",,,US,"Tropical Island Escape w/ Deck, Walk to Avalon Bay",,Jun 19 - 24,19,6,336.0,4.34,
"Cabin in Sorrento, Canada",,,US,"The Thimbleberry MicroCabin near lake, hot tub use",Jacuzzi,Jun 4 - 9,4,6,108.0,4.97,
"Room in Miami, Florida, US",,,US,Private room/bathroom in modern house with Pool,Pool,Jul 8 - 14,8,7,128.0,4.83,
"Apartment in Miami Beach, Florida, US",,,US,"Modern 1/1, Half a Block from The Ocean",,Jun 12 - 17,12,6,140.0,4.75,
"Room in Kailua-Kona, Hawaii, US",,,US,Satori Suite (The Bamboo House),,Jun 9 - 14,9,6,199.0,4.91,
"Apartment in Cancún, Mexico",,,US,Cancun Suites (Standard Room),,Jul 2 - 8,2,7,81.0,4.47,
"Room in Galveston, Texas, US",,,US,Tropicana Suite-Grand Manor Luxury Mansion Loft,,Aug 6 - 12,6,8,92.0,4.86,
"Room in Kissimmee, Florida, US",,,US,Disney/Universal Home Away from Home!,,Aug 20 - 25,20,8,162.0,4.95,
"Villa in Morongo Valley, California, US",,,US,Pink Galaxy | Private Observatory · Hot Tub · Pool,"Pool, Jacuzzi",Jun 7 - 12,7,6,283.0,5.0,
"Room in La Habana, Cuba",,,US,Camera argento in tipica casa coloniale,,Jun 19 - 24,19,6,42.0,4.81,
"Room in Kihei, Hawaii, US",,,US,"GARDEN ROOM, private bathroom, separate entrance",,Jun 24 - 29,24,6,184.0,4.96,
"Treehouse in Zona Hotelera, Mexico",,,US,"Tree House - Beach Area, KS bed, 3 PPL",Air conditioning,Jul 10 - 15,10,7,157.0,4.75,
"Apartment in Playa del Carmen, Mexico",,,US,It Hotel & Residences - Studio Rental in PDC,,Jun 3 - 8,3,6,75.0,4.79,
"Hotel in Isla Mujeres, Mexico",,,US,"Cozy & Neat hotel room 2pax ocean view WiFi,Pool","Pool, Ocean view, Wi-Fi",Aug 5 - 10,5,8,115.0,4.52,
"Hostel in Tulum, Mexico",,,US,Meteora Stay & Coffehouse Tulum - Deluxe Queen,,Jun 1 - 6,1,6,59.0,4.74,
"Home in Oceanside, Oregon, US",,,US,Movie Theater + Kid Friendly | Book the Dome!,,Jun 4 - 9,4,6,200.0,4.97,
"Room in Wilmington, New York, US",,,US,My Adirondack Home - Very Scenic,Air conditioning,Jun 5 - 10,5,6,107.0,4.96,
"Condo in Miami Beach, Florida, US",,,US,New 16th Floor Beachfront 180º Oceanview Apartment,"Ocean front, Air conditioning",Jun 1 - 6,1,6,302.0,4.87,
"Room in Cancún, Mexico",,,US,Camilo's Luxury Shared Townhouse,,Jul 13 - 18,13,7,81.0,4.87,
"Room in Cancún, Mexico",,,US,"Surf, family & friends! Tropical Room in downtown",,Jun 3 - 8,3,6,51.0,4.95,
"Apartment in Cancún, Mexico",,,US,1208 Beach property part ocean & pool view,"Pool, Air conditioning",Jun 2 - 7,2,6,79.0,4.64,
"Treehouse in Sandane , Norway",,,US,Amazing panoramic tree house Norway,,Jun 4 - 9,4,6,285.0,4.86,
"Home in Jurków, Poland",,,US,Beachfront Cottage on the Lake,"Ocean front, Air conditioning",Jun 11 - 16,11,6,140.0,4.72,
"Farm stay in Şarköy, Turkey",,,US,Off-Grid vineyard and olive orchard home.,,Jun 7 - 13,7,6,144.0,5.0,
"Cabin in Hvanneyri, Iceland",,,US,Mirror House Iceland,,Sep 1 - 6,1,9,735.0,,
"Place to stay in Krabčice, Czechia",,,US,"R.I.P. by ŘÍP - 
Rest In Pod by ŘÍP",,Jun 1 - 6,1,6,78.0,4.92,
"Condo in Fiumicino, Italy",,,US,LOVE Attic,,Jun 4 - 9,4,6,209.0,4.85,
"Cabin in Güejar Sierra, Spain",,,US,Natural show in Cabaña Alcazaba,,Jun 11 - 16,11,6,111.0,4.86,
"Cabin in Teo, Spain",,,US,MU_Moradas no Ulla 6. Cabañas de Compostela.,,Jun 11 - 16,11,6,112.0,4.96,
"Place to stay in Hol, Norway",,,US,Unik Hobbit Cabin,,Jun 1 - 6,1,6,221.0,4.84,
"Farm stay in Nyköping S, Sweden",,,US,Simple guesthouse on a farm. Double bed and sofa bed. Free Wi-Fi and parking. WC and living room/kitchenette in separate building,"Wi-Fi, Kitchen, Parking",Jun 26 - Jul 1,26,,73.0,4.89,
"Houseboat in Jickovice, Czechia",,,US,"Boat in Orlik, you want it!",,Jun 8 - 13,8,6,78.0,4.31,
"Cabin in Hornedo, Spain",,,US,Forest cabin,,Sep 26 - Oct 2,26,,80.0,4.84,
"Home in Viana do Castelo, Portugal",,,US,Amonde Village - Casa P * Comfort & Quality,,Jun 18 - 25,18,6,168.0,4.98,
"Tower in Gombola, Italy",,,US,Tower house Gombola,,Jun 4 - 9,4,6,166.0,4.87,
"Cabin in Darżkowo, Poland",,,US,hut in the mid. of nowhere + priv pond+3 ha,,Jun 1 - 6,1,6,181.0,4.79,
"Home in Kenilworth, UK",Home,Kenilworth,UK,The Water Tower at Long Meadow Farm,,Jun 4 - 9,4,6,246.0,4.85,
"Room in Dassel, Germany",,,US,Alte Wassermühle Friedrichshausen - Eulenstube,,Jun 10 - 15,10,6,55.0,4.96,
"Farm stay in Montregard, France",,,US,Vovady Farm : Roulotte Bohème,,Jun 1 - 6,1,6,82.0,4.85,
"Room in Saint-Ouen, France",,,US,Biron aux Puces de Saint Vincent Market,,Oct 29 - Nov 3,29,,95.0,4.9,
"Cabin in Gällstad, Sweden",,,US,Cabin on the countryside close to the small city.,,Jun 10 - 15,10,6,111.0,4.71,
"Cabin in Trasquera, Italy",,,US,La Barona Chalet,,Jun 4 - 9,4,6,223.0,4.99,
"Shepherd’s hut in Hessisch Lichtenau, Germany",,,US,"""Lieblingsplatz"" shepherd's hut",,Jun 2 - 7,2,6,55.0,4.96,
"Hut in Oxfordshire, UK",Hut,Oxfordshire,UK,Rectory Farm Hideaway,,Aug 28 - Sep 2,28,,178.0,4.93,
"Tiny home in Draperstown, UK",Tiny home,Draperstown,UK,The Black Shack @ Bancran School,Air conditioning,Aug 4 - 9,4,8,169.0,4.97,
"Apartment in Calpe, Spain",,,US,Apartment Caribe - PlusHolidays,,Jun 1 - 6,1,6,80.0,3.67,
"Shepherd’s hut in Saint-Nabord, France",,,US,Anty's Pond: Davy Crockett's Hut,,Jun 23 - 28,23,6,93.0,4.87,
"Apartment in Biarritz, France",,,US,Biarritz Grande Plage 25m2 with Balcony,,Jun 1 - 6,1,6,176.0,4.91,
"Trullo in Ostuni, Italy",,,US,TRULLO ISABELLA,,Jun 25 - 30,25,6,158.0,4.98,
"Farm stay in Girvan, UK",Farm stay,Girvan,UK,Secluded Hand crafted log cabin,,Jun 5 - 10,5,6,139.0,5.0,
"Cabin in Monmouth, UK",Cabin,Monmouth,UK,Stargazer Cabin - Monmouth Walking Distance Town,,Jul 27 - Aug 1,27,,240.0,4.9,
"Home in Miazzina, Italy",,,US,"Baita Vrei (2)""Titta"" - Hut Lago Maggiore",,Jun 4 - 9,4,6,61.0,4.84,
"Tiny home in Poltimore, UK",Tiny home,Poltimore,UK,Tranquil retreat with fantastic countryside views,,Aug 2 - 7,2,8,115.0,4.92,
"Villa in Pollina, Italy",,,US,Romantic and one-of-a-kind Beachouse,Air conditioning,Oct 12 - 17,12,10,183.0,4.88,
"Condo in Χράνοι, Greece",,,US,Ilaira Apartments,,Jun 7 - 12,7,6,86.0,4.86,
"Apartment in Rodos, Greece",,,US,Central 1bedroom apt by the sea,,Oct 10 - 15,10,10,61.0,4.76,
"Tiny home in Midmar, UK",Tiny home,Midmar,UK,Cosy Romantic Cabin with Wood Burning Stove.,,Jun 11 - 16,11,6,107.0,4.96,
"Farm stay in Agello, Italy",,,US,Historic residence surrounded by olive trees,,Jun 12 - 17,12,6,75.0,4.98,
"Cabin in Adainville, France",,,US,Wonderful Old Cabin on Rare Natural Site,,Jun 11 - 16,11,6,147.0,4.93,
"Castle in Vay, France",,,US,"Stay in the castle, with family or friends",,Jun 18 - 23,18,6,92.0,4.94,
"Room in Aljezur, Portugal",,,US,XS Village - Arrifana Suite (private bathroom),,Jun 24 - 29,24,6,100.0,4.96,
"Barn in Rattray, UK",Barn,Rattray,UK,The Loft at the Bonnington Farm,,Jun 15 - 21,15,6,135.0,4.89,
"Hotel room in Muratpaşa, Turkey",,,US,KALEİÇİ BACCHUS OTEL DENİZ MANZARALI TATİL 501,Air conditioning,Jun 25 - 30,25,6,83.0,4.73,
"Earthen home in Bronwydd Arms, UK",Earthen home,Bronwydd Arms,UK,strawbale roundhouse for vegetarian,,Jun 29 - Jul 4,29,,108.0,4.9,
"Room in Behren-Lübchin, Germany",,,US,Wohnung Ruth Herrenhaus Viecheln Anno 1869,,Jun 11 - 16,11,6,121.0,4.97,
"Tiny home in Les Haudères, Switzerland",,,US,Swiss Tiny Chalet,,Jun 1 - 6,1,6,109.0,4.8,
"Chalet in Étival, France",,,US,The Napoleonic period chalet in the High Jura,,Jul 16 - 21,16,7,105.0,4.98,
"Home in Rémalard, France",,,US,"Moulin de Boiscorde, ideal for couples and families",,Jun 2 - 7,2,6,128.0,4.9,
"Farm stay in Montepulciano, Italy",,,US,Rural Tuscany | Wine farm with pool | Terrarossa,Pool,Jun 14 - 20,14,6,148.0,4.33,
"Trullo in Ostuni, Italy",,,US,Magical Trullo in Ostuni Cis BR0740129000012213,,Jul 19 - 24,19,7,105.0,4.87,
"Cabin in Nowy Targ, Poland",,,US,Gruszkówka 1 Cottage (7 km from Białka ),,Jun 18 - 25,18,6,96.0,4.98,
"Shepherd’s hut in Hollacombe, UK",Shepherd’s hut,Hollacombe,UK,Woodland Stargazing Cabin,,Jun 2 - 7,2,6,133.0,4.83,
"Room in London, UK",Room,London,UK,Room available in Greater London suburb home,,May 1 - 6,1,5,43.0,4.98,
"Apartment in Megalochori, Greece",,,US,Casa Tua,,Jun 4 - 9,4,6,142.0,4.66,
"Farm stay in Catsfield, UK",Farm stay,Catsfield,UK,CABIN X GPF,,Jun 25 - 30,25,6,225.0,4.99,
"Room in La Zubia, Spain",,,US,Alhambra Trails 2,,Jun 6 - 13,6,6,94.0,4.78,
"Chalet in Afa, France",,,US,""" La cabane du Gozzi""",,Jun 1 - 6,1,6,85.0,4.79,
"Apartment in Ericeira, Portugal",,,US,FLH Ericeira Ocean Flat,,Jul 16 - 21,16,7,216.0,4.45,
"Room in Rouffignac-de-Sigoulès, France",,,US,manoir 19 ème siècle LE COUTUREAU isaline,,Jun 1 - 6,1,6,135.0,5.0,
"Guesthouse in Esche, Germany",,,US,Guesthouse an der Vechte,,Jul 22 - 27,22,7,50.0,4.94,
"Condo in Kremasti, Greece",,,US,L & C Deluxe Apartment - luxury and comfort,,Jun 6 - 11,6,6,136.0,5.0,
"Room in Torreglia, Italy",,,US,Country House,,Jun 11 - 16,11,6,69.0,4.94,
"Cave in Mesaria, Greece",,,US,Luxury Triple cave room,,Jun 12 - 17,12,6,129.0,4.72,
"Barn in Nutley, UK",Barn,Nutley,UK,Rural Retreat on the Ashdown Forest,,Jun 12 - 17,12,6,184.0,4.96,
"Castle in Winningen, Germany",,,US,Magazine - Oskar Schwebel -,,Jun 11 - 16,11,6,136.0,4.66,
"Home in Baião, Portugal",,,US,CasasdoCasinhotoD-Rustic House (pool; river view),Pool,Jun 12 - 17,12,6,131.0,4.81,
"Nature lodge in Highland Council, UK",Nature lodge,Highland Council,UK,Elegant Little Wyvis Lodge - Sleeps 2,,Jun 2 - 7,2,6,159.0,4.96,
"Cabin in Totana, Spain",,,US,Rural Aledo - El Estrecho,,Jun 18 - 25,18,6,76.0,4.78,
"Treehouse in Fountana, Greece",,,US,Nasos' Treehouse,,Jun 1 - 6,1,6,98.0,4.81,
"Cabin in Filipstad N, Sweden",,,US,FredrikLars farm at Nordmarksberg Manor,,Jun 24 - 30,24,6,44.0,4.98,
"Room in Borgo Valsugana, Italy",,,US,"La Tana del Lupo B&B, family and outdoor sports",,Sep 18 - 23,18,9,73.0,4.99,
"Cabin in Llandissilio, UK",Cabin,Llandissilio,UK,The Llama Lodge - a Log Cabin on a Llama Farm,,Jun 4 - 9,4,6,205.0,4.92,
"Camper/RV in Mayen, Germany",,,US,"Quaint ""Petra Lustig"" construction car",,Jun 24 - 30,24,6,48.0,,
"Room in Torreglia, Italy",,,US,Country House,,Jun 11 - 16,11,6,69.0,4.94,
"Cave in Mesaria, Greece",,,US,Luxury Triple cave room,,Jun 12 - 17,12,6,129.0,4.72,
"Castle in Winningen, Germany",,,US,Magazine - Oskar Schwebel -,,Jun 11 - 16,11,6,136.0,4.66,
"Treehouse in Fountana, Greece",,,US,Nasos' Treehouse,,Jun 1 - 6,1,6,98.0,4.91,
"Vacation home in Akrotiri, Greece",,,US,The North Windmill ⚓ Unique House with View,,Jun 9 - 14,9,6,184.0,4.98,
"Cabin in Llandissilio, UK",Cabin,Llandissilio,UK,The Llama Lodge - a Log Cabin on a Llama Farm,,Jun 4 - 9,4,6,205.0,4.95,
"Cottage in Trefeinon, UK",Cottage,Trefeinon,UK,Bumble Bee Cottage,,Jun 11 - 16,11,6,141.0,4.93,
"Yurt in Cynwyd, UK",Yurt,Cynwyd,UK,Gorgeous yurt in amazing mountain/forest location,,Jul 12 - 17,12,7,107.0,4.91,
"Apartment in Athina, Greece",,,US,"Diamond Home 1, romantic gem, 20 min to Acropolis",Air conditioning,Jul 5 - 10,5,7,112.0,4.79,
"Trullo in Alberobello, Italy",,,US,TrulLetto,,Jun 4 - 9,4,6,114.0,4.85,
"Cabin in Båstad V, Sweden",,,US,"Tyga Gård, probably most beautiful on Bjäre",,Jun 1 - 6,1,6,94.0,4.9,
"Home in Coreggia, Italy",,,US,Silk Trulli,,Jun 3 - 8,3,6,86.0,4.52,
"Trullo in Martina Franca, Italy",,,US,The Olive Tree Court,,Jun 3 - 8,3,6,92.0,4.85,
"Room in Montale Rangone, Modena, Italy",,,US,LaCorte CAMERA BLU NEAR FERRARI WITH PRIVATE PARK,Air conditioning,Aug 21 - 26,21,8,73.0,,
"Room in Berlin, Germany",,,US,Friedrichshain Beautiful Sunny Room with Balcony,,Jul 25 - 31,25,7,135.0,5.0,
"Room in Rome, Italy",,,US,Cozy en-suite double room in S. Peter's / Borgo,,Nov 30 - Dec 5,30,,60.0,4.88,
"Room in Santa Lucia, Italy",,,US,Star Night Room - Van Gogh Hills B&B,,Jun 1 - 6,1,6,68.0,4.91,
"Home in Reclesne, France",,,US,La Petite Chaumière,,Jun 2 - 7,2,6,85.0,4.79,
"Farm stay in Asciano, Italy",,,US,Green - Lawns in Tuscany,,Jul 8 - 13,8,7,91.0,4.97,
"Farm stay in Pennabilli, Italy",,,US,Casa Cerbaia | Betulla,,Jun 21 - 26,21,6,86.0,4.95,
"Barn in Nes På Hedmark, Norway",,,US,"Sommerfjøset on Hovelsrud, Helgøya",,Jul 14 - 20,14,7,328.0,4.96,
"Cabin in Torsåker, Sweden",,,US,Cozy cottage in Torsåker (Hofors),,Jun 7 - 12,7,6,75.0,4.83,
"Room in Saint-Mandé, France",,,US,Nice place for your stay in Paris,Air conditioning,Oct 30 - Nov 5,30,,86.0,4.96,
"Cabin in Walpole, UK",Cabin,Walpole,UK,"Peaceful, wooden garden cabin",Air conditioning,Jul 9 - 14,9,7,93.0,4.91,
"Place to stay in East Farndon, UK",Place to stay,East Farndon,UK,Rural farm-Spacious triple bedroom with en suite,Air conditioning,Jul 2 - 7,2,7,71.0,4.92,
"Room in Rüthen, Germany",,,US,Private room in the heart of nature,,Jun 3 - 8,3,6,42.0,4.96,
"Room in Rome, Italy",,,US,Xavier House,,Oct 9 - 14,9,10,43.0,4.89,
"Apartment in Plaka, Greece",,,US,"Akti Karras, Plaka Naxos (up to 2 guests)",,Jun 20 - 25,20,6,55.0,4.91,
"Condo in Saint-Lary-Soulan, France",,,US,Studio lookout,,Jun 1 - 6,1,6,31.0,4.45,
"Room in Borgo Valbelluna, Italy",,,US,Bavarian room in the Dolomites,,Jun 1 - 6,1,6,84.0,4.8,
"Room in Kassel, Germany",,,US,Cosy interesting loam house,,Jun 5 - 12,5,6,78.0,5.0,
"Room in Barcelona , Spain",,,US,Nice room in duplex + terrace near BCN,Air conditioning,Nov 11 - 16,11,11,55.0,4.89,
"Tent in Sabóia, Portugal",,,US,Lost Paradise - A night into the Alentejo!,,Jun 1 - 6,1,6,85.0,4.95,
"Place to stay in Mont-le-Vernois, France",,,US,Cabin in the wild,,Sep 3 - 10,3,9,95.0,4.98,
"Shipping container in Dirlaught, Ireland",,,US,Amazing shipping container house + sea views+ WIFI,"Ocean view, Wi-Fi",Aug 7 - 12,7,8,164.0,4.91,
"Hut in Witzenhausen, Germany",,,US,"Countryside Sleeps, Bakery, Homestay",,Jul 16 - 21,16,7,73.0,4.95,
"Room in Planos, Greece",,,US,Kimiro Hotel Tsilivi,,Jun 5 - 10,5,6,97.0,4.91,
"Apartment in Kadıköy, Turkey",,,US,Studio apartment with AC - Suite 3,Air conditioning,Jun 17 - 22,17,6,34.0,5.0,
"Cottage in Nicosia, Italy",,,US,Sicilian Mountain Oasis - Entire Villa (Smart W.),,Nov 14 - 19,14,11,100.0,4.94,
"Bungalow in Izmir, Turkey",,,US,İzmir Bungalow. ( Urla treehouse 1),,Jun 8 - 13,8,6,74.0,4.82,
"Guesthouse in Perranwell Station, UK",Guesthouse,Perranwell Station,UK,The Folly - Cornwall,,Jun 18 - 23,18,6,111.0,5.0,
"Apartment in Areti, Greece",,,US,Echoes Exclusive Suite,,Jun 29 - Jul 6,29,,526.0,4.98,
"Dome in Wapnica, Poland",,,US,Delightfull Dome with Hot tub & sauna on the beach,"Jacuzzi, Air conditioning",Jun 3 - 8,3,6,319.0,4.98,
"Cabin in Millbrook, UK",Cabin,Millbrook,UK,Romantic Ocean View Couples Retreat Cornwall,Ocean view,Jun 10 - 15,10,6,357.0,5.0,
"Guest suite in La Marsa, Tunisia",,,US,THE AQUARIUM … waterfront 🧜🏾‍♂️,,Jun 26 - Jul 1,26,,61.0,4.72,
"Guesthouse in Jonstorp, Sweden",,,US,Gäststuga Knorrasjön,,Jun 12 - 17,12,6,95.0,,
"Home in Positano, Italy",,,US,Villa Laurito,,Oct 31 - Nov 5,31,,185.0,4.88,
"Cottage in Benalauría, Spain",,,US,"""La Parra"", rural tourism. Your home in paradise.",,Sep 16 - 21,16,9,67.0,4.99,
"Tiny home in Muldenhammer, Germany",,,US,Hascherle Hitt,,Jun 5 - 10,5,6,86.0,5.0,
"Home in Audierne, France",,,US,Villa Trouz Ar Mor,,Jul 1 - 6,1,7,135.0,4.85,
"Bungalow in Izmir, Turkey",,,US,İzmir Bungalow. ( Urla treehouse 1),,Jun 8 - 13,8,6,74.0,4.82,
"Treehouse in Penzance, UK",Treehouse,Penzance,UK,Peaceful Country Treehouse Nr Penzance & St Ives,Air conditioning,Jul 6 - 11,6,7,294.0,4.95,
"Cabin in La Atalaya, Spain",,,US,Cabaña ecológica de madera en la naturaleza,,Jun 11 - 16,11,6,80.0,4.79,
"Tiny home in Vouzela, Portugal",,,US,Gallas Pod House,,Jun 1 - 6,1,6,57.0,5.0,
"Apartment in Thessaloniki, Greece",,,US,Waterfront #41Design - CozyCityCenter Flat,,Jul 8 - 13,8,7,70.0,4.84,
"Treehouse in Torbalı, Turkey",,,US,"Treehouse Izmir 
View all our houses please ..",,Jun 11 - 16,11,6,40.0,4.9,
"Bungalow in Fethiye, Turkey",,,US,Kaktus Suites Fethiye - City Bungalow 2 w/pool,Pool,Jun 17 - 22,17,6,69.0,4.87,
"Yurt in Finestrat, Spain",,,US,Yurt op Off-Grid Homestead,,Jun 4 - 9,4,6,49.0,4.92,
"Cabin in Idrac respailles , France",,,US,Cabin into the wild,,Jun 4 - 9,4,6,77.0,4.67,
"Apartment in Kotor, Montenegro",,,US,💎Boka Bay view apartment.💎,,Jul 8 - 14,8,7,93.0,4.69,
"Home in Chalkida, Greece",,,US,Seaside & Garden Single family home,,Jun 8 - 13,8,6,104.0,4.94,
"Home in Skopelos, Greece",,,US,Del Sol. Studio across the sea 1.,Air conditioning,Jun 1 - 6,1,6,61.0,,
"Place to stay in Scottish Borders, UK",Place to stay,Scottish Borders,UK,"16th Century Scottish Borders Tower, by Earlston",,Jul 13 - 18,13,7,252.0,4.96,
"Loft in Baošići, Montenegro",,,US,Porto Bello Lux ( Sea View & Swimming Pool),"Pool, Ocean view",Jun 5 - 10,5,6,58.0,4.9,
"Home in Atouguia da Baleia, Portugal",,,US,"Spectacular view of Supertubos beach, Peniche",Air conditioning,Oct 1 - 6,1,10,126.0,4.82,
"Home in Bad Sankt Leonhard im Lavanttal, Austria",,,US,1A chalet resting crickets + hiking with indoor sauna,,Jun 22 - 27,22,6,123.0,4.67,
"Vacation home in Punta Prima, Spain",,,US,Beachfront apartment with perfect seaview,"Ocean front, Air conditioning",Jun 1 - 6,1,6,231.0,4.85,
"Treehouse in Verson, France",,,US,2 Cabins perched above a pond!,,Jun 4 - 10,4,6,98.0,4.91,
"Home in Vaiano, Italy",,,US,Casale La Quercia - Tuscany country house,,Jun 21 - 26,21,6,111.0,4.94,
"Cottage in Boscastle, UK",Cottage,Boscastle,UK,"A Boscastle barn, rustic simplicity stunning views",,Jun 11 - 16,11,6,141.0,5.0,
"Cabin in County Wicklow, Ireland",,,US,House with breathtaking views!,,Jul 16 - 21,16,7,222.0,4.97,
"Home in Las Negras, Spain",,,US,La Casita de Las Negras,,Jun 14 - 19,14,6,370.0,4.85,
"Cabin in Serrazone, Italy",,,US,King's Windmill - A little house in the woods,,Jul 21 - 26,21,7,111.0,4.54,
"Lighthouse in Ploemeur, France",,,US,Q3 BNB Premium Residence - The Engineering Tower,,Jun 5 - 10,5,6,147.0,4.8,
"Cabin in Bridge of Earn, UK",Cabin,Bridge of Earn,UK,"The Haven Hut, warm, cosy and cute.",,Jun 30 - Jul 5,30,,64.0,4.67,
"Campsite in Rif, Iceland",,,US,Washitsu.Casa camper Parking place w/house access,"Parking, Air conditioning",Jun 1 - 6,1,6,16.0,,
"Home in Chalkida, Greece",,,US,Seaside & Garden Single family home,,Jun 8 - 13,8,6,104.0,4.94,
"Home in Skopelos, Greece",,,US,Del Sol. Studio across the sea 1.,Air conditioning,Jun 1 - 6,1,6,61.0,,
"Place to stay in Scottish Borders, UK",Place to stay,Scottish Borders,UK,"16th Century Scottish Borders Tower, by Earlston",,Jul 13 - 18,13,7,252.0,4.96,
"Loft in Baošići, Montenegro",,,US,Porto Bello Lux ( Sea View & Swimming Pool),"Pool, Ocean view",Jun 5 - 10,5,6,58.0,4.9,
"Shepherd’s hut in County Durham, UK",Shepherd’s hut,County Durham,UK,Ben's hat,,Jun 18 - 23,18,6,82.0,4.92,
"Treehouse in Verson, France",,,US,2 Cabins perched above a pond!,,Jun 4 - 10,4,6,98.0,4.94,
"Cottage in Boscastle, UK",Cottage,Boscastle,UK,"A Boscastle barn, rustic simplicity stunning views",,Jun 11 - 16,11,6,141.0,5.0,
"Room in Wien, Austria",,,US,Central luxury /Hauptbahnhof,,Sep 17 - 22,17,9,92.0,5.0,
"Cabin in County Wicklow, Ireland",,,US,House with breathtaking views!,,Jul 16 - 21,16,7,222.0,4.85,
"Cabin in Bridge of Earn, UK",Cabin,Bridge of Earn,UK,"The Haven Hut, warm, cosy and cute.",,Jun 30 - Jul 5,30,,64.0,4.77,
"Treehouse in Mons, France",,,US,Delightful rustic treehouse,,Jun 1 - 6,1,6,42.0,4.67,
"Campsite in Rif, Iceland",,,US,Washitsu.Casa camper Parking place w/house access,"Parking, Air conditioning",Jun 1 - 6,1,6,16.0,4.91,
"Condo in Roviano, Italy",,,US,Apartment-Mansarda Vista Castello,,Jun 8 - 13,8,6,61.0,5.0,
"Home in Jumilhac-le-Grand, France",,,US,Bettyjems Stage Refuge,,Jun 21 - 28,21,6,20.0,,
"Cabin in Rosenthal-Bielatal, Germany",,,US,Mountain hut in the Elbe sandstone with log cabin sauna,,Jun 4 - 9,4,6,98.0,4.78,
"Hut in Wolfegg, Germany",,,US,"Shepherd's hut ""Wolkakkrazer"" near Wolfegg",,Jul 2 - 7,2,7,57.0,4.88,
"Dome in Atzeneta del Maestrat, Spain",,,US,Private domed Copula @ Free Spirit horse refuge,,Jun 1 - 6,1,6,63.0,4.61,
"Home in Taktikoupoli, Greece",,,US,Levanda Home,,Oct 10 - 17,10,10,73.0,4.91,
"Apartment in Le Relecq-Kerhuon, France",,,US,Face à la mer Brestoise,Air conditioning,Jun 1 - 6,1,6,87.0,,
"Nature lodge in Fethiye, Turkey",,,US,DEEP OCEAN BUNGALOWS-PANORAMIC &DOUBLE &HALF BOARD,,Jun 5 - 10,5,6,115.0,4.91,
"Chalet in Covilhã, Portugal",,,US,Xitaca do Pula,Air conditioning,Jun 11 - 17,11,6,78.0,4.95,
"Apartment in Abram, Greece",,,US,Infinity Abram,,Jun 1 - 7,1,6,61.0,4.57,
"Room in Halsham, UK",Room,Halsham,UK,King bedroom in historic house with garden access,Air conditioning,Jun 4 - 9,4,6,92.0,4.96,
"Vacation home in Rocchetta Nervina, Italy",,,US,The Loggia,,Jun 2 - 7,2,6,169.0,4.85,
"Home in Cernobbio, Italy",,,US,Ca' Roncate,,Oct 24 - 31,24,10,127.0,4.9,
"Camper/RV in Wettringen, Germany",,,US,Trailer Paradise Ivonete _unwind,,Jun 10 - 15,10,6,46.0,4.97,
"Home in Otívar, Spain",,,US,"Views to the valley, Wi-Fi, Air-Con, terrace,","Wi-Fi, Air conditioning",Jun 11 - 18,11,6,79.0,4.88,
"Home in Castelmezzano, Italy",,,US,Casa del Mago - Castelmezzano,,Jun 12 - 17,12,6,93.0,4.78,
"Windmill in Atouguia da Baleia, Portugal",,,US,Moinho do Sr. Arnaldo - Big Windmill at Peniche,,Jun 19 - 26,19,6,196.0,4.85,
"Earthen home in La Canourgue, France",,,US,canopy house,,Jun 27 - Jul 2,27,,81.0,4.81,
"Home in Dinami, Italy",,,US,Panucci's house- halfway between the sea and mountain,,Jun 1 - 6,1,6,25.0,4.98,
"Cottage in Crossdoney, Ireland",,,US,Peacock House,Air conditioning,Jun 11 - 17,11,6,80.0,,
"Villa in Abiansemal, Indonesia",,,US,"Aura House 2bds Eco Bamboo House, Pool, River View",Pool,Jan 9 - 14,9,1,513.0,4.87,
"Hut in Balian Beach, Indonesia",,,US,BALIAN TREEHOUSE w beautiful pool,Pool,Jun 21 - 26,21,6,117.0,4.85,
"Hut in Ubud, Indonesia",,,US,Bali Bamboo House | Rescape Ubud - Relief Villa,,Oct 29 - Nov 3,29,,171.0,4.79,
"Villa in Ubud, Indonesia",,,US,❣️Romantic Staycation-PrivateSunset Pool@megananda,Pool,Nov 18 - 23,18,11,111.0,4.92,
"Cabin in Tampaksiring, Indonesia",,,US,Dome - Bamboo Villa in Eco Six Bali,,Jul 4 - 9,4,7,420.0,4.87,
"Treehouse in Balamban, Philippines",,,US,Treehouse De Valentine,,Jun 15 - 20,15,6,255.0,4.91,
"Villa in Tampaksiring, Indonesia",,,US,Luxury 5 BDR Resort w/ Gym & Ricefield View,,Sep 12 - 17,12,9,506.0,4.78,
"Island in El Nido, Philippines",,,US,"Exclusive Private Island + Brother Island, El Nido",,Jun 1 - 6,1,6,469.0,4.82,
"Room in Chom Phon, Thailand",,,US,15min walk to MRT Private room for 3 Free Brekkie.,,Jun 24 - 29,24,6,31.0,4.9,
"Villa in Kecamatan Ubud, Indonesia",,,US,Elegant & luxurious 3 BR villa rice-fields pano,,Jun 21 - 26,21,6,322.0,4.65,
"Villa in Tabanan, Indonesia",,,US,Exclusive Beach Villa - Balian Beach,Air conditioning,Jun 1 - 6,1,6,240.0,4.8,
"Villa in Singaraja, Indonesia",,,US,"180° VIEW, PRIVATE POOL VILLA..",Pool,Jun 11 - 16,11,6,206.0,4.93,
"Apartment in Phuket, Thailand, Thailand",,,US,White Breeze Pool 1BD Apartment,Pool,Jun 4 - 10,4,6,64.0,4.69,
"Villa in Nusa Ceningan, Indonesia",,,US,Beautiful villa on the edge of BLUE LAGOON,,Jun 1 - 6,1,6,264.0,4.83,
"Villa in Kecamatan Ubud, Indonesia",,,US,Intimate Private Pool Villas in Ubud center,Pool,Jun 7 - 12,7,6,209.0,4.89,
"Hut in Kecamatan Ubud, Indonesia",,,US,50% OFF | Ipian Cinta with Private Pool jacuzzi,"Pool, Jacuzzi, Air conditioning",Oct 28 - Nov 2,28,,142.0,4.62,
"Villa in Kecamatan Kuta Utara, Indonesia",,,US,Love Nest for honeymooner at best location,,Sep 3 - 8,3,9,251.0,4.98,
"Earthen home in Mueang Chiang Mai District, Thailand",,,US,Leafy Greens Chiangmai : Mushroom M2,,Jun 13 - 20,13,6,22.0,4.87,
"Villa in Payangan, Indonesia",,,US,❣️Secluded Getaway Staycation+SunsetPool@megananda,Pool,Nov 6 - 11,6,11,111.0,4.89,
"Villa in Ubud, Kabupaten Gianyar, Indonesia",,,US,#3# Beautiful Balinese Villa with Private Pool,Pool,Nov 12 - 17,12,11,137.0,4.91,
"Villa in เกาะพงัน, Thailand",,,US,"Palma Villa, Spectacular Sea View Villa with Pool","Pool, Ocean view, Air conditioning",Jul 17 - 22,17,7,238.0,5.0,
"Villa in Tegallalang, Indonesia",,,US,Luxurious Private Pool Villa with Garden North of Ubud,Pool,Oct 14 - 19,14,10,126.0,4.92,
"Tiny home in Kecamatan Ubud, Indonesia",,,US,Tiny Tall Haus Ubud Getaway!,,Jun 26 - Jul 1,26,,95.0,4.87,
"Bungalow in Ubud, Indonesia",,,US,Pondok Prapen -Ubud Center Private Pool Villa,Pool,Jun 15 - 20,15,6,217.0,4.89,
"Villa in Tampaksiring, Indonesia",,,US,Beetle - Bamboo Villa in Eco Six Bali Resort,,Oct 28 - Nov 2,28,,458.0,4.82,
"Home in Ko Samui, Thailand",,,US,the naked house,,Jun 5 - 10,5,6,205.0,4.88,
"Villa in Kamala, Thailand",,,US,"""Villa Sauvage 2 br"" - a magic horizon of coziness",,Jun 6 - 11,6,6,122.0,4.57,
"Home in Mabini, Philippines",,,US,Bathing Private Exclusive Cottage,,Jun 12 - 17,12,6,183.0,4.91,
"Hut in Abiansemal, Indonesia",,,US,Zen Hideaway #3 - ultimate Wabi-sabi experiences,,Jul 30 - Aug 4,30,,235.0,4.8,
"Tiny home in Cavinti, Philippines",,,US,"Explore, Experience, Enjoy T-HOUSE Lakestaycation!",,Jun 2 - 7,2,6,39.0,4.43,
"Hut in Tampaksiring, Indonesia",,,US,Hidden Bamboo Bali,,Nov 8 - 13,8,11,136.0,4.91,
"Room in Kecamatan Denpasar Selatan, Indonesia",,,US,Poolside room in large villa. 5 minutes to beach.,"Pool, Air conditioning",Aug 10 - 16,10,8,34.0,5.0,
"Room in Bangkok, Thailand",,,US,Ba hao Residence x MAITRI CHIT ROOM,,Aug 15 - 20,15,8,96.0,4.93,
"Boutique hotel in Ko Samui, Thailand",,,US,Pool Villa by Humble,Pool,Jun 15 - 20,15,6,63.0,4.93,
"Apartment in Muang Pattaya, Thailand",,,US,[VR] 2BR High Skyline Ocean View @ Pattaya,Ocean view,Jun 5 - 10,5,6,136.0,4.69,
"Home in Kuta, Indonesia",,,US,Villa Seminyak 1 Bedroom 10 Mins to Beach,Air conditioning,Jun 11 - 16,11,6,69.0,4.67,
"Villa in Ko Lanta District, Thailand",,,US,"DEEPSPACE villa X1 ,Secret Address on Quiet Beach",Air conditioning,Jun 6 - 11,6,6,164.0,4.7,
"Place to stay in Balian Beach, Indonesia",,,US,BALIAN TREEHOUSE 2 - with private pool,Pool,Jul 21 - 28,21,7,131.0,4.89,
"Villa in Thành phố Hội An, Vietnam",,,US,Private pool two bedroom villa - villa the cow,Pool,Jun 3 - 8,3,6,97.0,4.8,
"Apartment in 清迈, Thailand",,,US,清迈 The Astra Condo长康路无边泳池豪华公寓古城夜市边Chang Khlan road,,Jun 12 - 17,12,6,33.0,4.68,
"Place to stay in Thành phố Hội An, Vietnam",,,US,Garden view twin room with breakfast-Ngan Phu,,Jun 10 - 17,10,6,24.0,4.85,
"Room in Sidemen, Indonesia",,,US,Heritage of Art Villa Iseh in Sidemen East Bali,,Jun 1 - 6,1,6,154.0,4.89,
"Apartment in Tambon Patong, Thailand",,,US,One-Bedroom Suite in Patong Beach,Air conditioning,Jun 9 - 14,9,6,49.0,4.73,
"Condo in Khet Watthana, Thailand",,,US,"【CENTRAL STUDIO】0-min BTS ASOK, FAST WIFI, NETFLIX",Wi-Fi,Jun 1 - 6,1,6,58.0,4.74,
"Villa in Koh Yao Noi, Thailand",,,US,"Eagles Nest, Luxury Villa, Koh Yao Noi",,Jun 1 - 6,1,6,986.0,4.95,
"Hotel room in Thành phố Hội An, Vietnam",,,US,FIG TREE BOUTIQUE VILLA,,Jun 1 - 6,1,6,30.0,4.83,
"Earthen home in Ao nang, Thailand",,,US,Seaview Bedrock Home,,Jun 1 - 6,1,6,131.0,4.8,
"Villa in Langkawi, Malaysia",,,US,Alamanda Tropical Wooden Villa - Pool View,Pool,Jun 15 - 20,15,6,97.0,4.87,
"Villa in Koh Lanta Island, Thailand",,,US,Perch Villa - Clifftop villa spectacular sea view,"Ocean view, Air conditioning",Jun 6 - 11,6,6,162.0,4.94,
"Guesthouse in Kecamatan Kuta Utara, Indonesia",,,US,Tropical Private Room Canggu 3 by Rios Guest House,,Aug 4 - 11,4,8,33.0,4.86,
"Villa in Rayong, Thailand",,,US,"Luxury Beach Front Pool Villa, Phuphatara Rayong","Pool, Air conditioning",Jun 6 - 11,6,6,359.0,4.68,
"Cottage in Lamai Beach, Thailand",,,US,TROPICAL POOL BEACH VILLA III | Beach-Pool-Freedom,"Pool, Air conditioning",Jun 3 - 8,3,6,142.0,4.92,
"Cabin in Kecamatan Ubud, Indonesia",,,US,Samu House. Tropical stay private pool.Adults Only,Pool,Sep 29 - Oct 4,29,,108.0,4.84,
"Villa in Tampaksiring, Indonesia",,,US,Romantic 1br Villa - Ubud Jungle,,Dec 24 - 29,24,12,363.0,5.0,
"Treehouse in Tampaksiring, Indonesia",,,US,umatreehouse,,Nov 16 - 21,16,11,133.0,4.93,
"Treehouse in Ubud, Indonesia",,,US,"Promo Price! Magical Treehouse, Stunning Views.",,Aug 23 - 30,23,8,280.0,4.78,
"Bungalow in Nusapenida, Indonesia",,,US,Tropical Glamping 🌴 Cliff Side Ocean View + Net🐬,Ocean view,Oct 26 - 31,26,10,474.0,4.93,
"Treehouse in Klungkung, Indonesia",,,US,Cliffside Bamboo Treehouse - Private Pool & View,Pool,Nov 14 - 19,14,11,484.0,5.0,
"Cabin in Klungkung, Indonesia",,,US,Dreamy Cliffside Bamboo Villa with Pool and View,Pool,Nov 5 - 10,5,11,484.0,4.98,
"Cottage in Ubud, Indonesia",,,US,25%OFF! Romantic Honeymoon Escape in Ubud Paradise,,Jun 28 - Jul 3,28,,117.0,4.77,
"Resort in Nusa Lembongan,, Indonesia",,,US,Acala Lembongan-Deluxe Suite Sea View,"Ocean view, Air conditioning",Oct 6 - 11,6,10,92.0,4.63,
"Villa in Ubud, Indonesia",,,US,NEW 5BR Luxury Villa in Ubud: Pool and Jungle View,Pool,Jun 20 - 25,20,6,451.0,,
"Treehouse in Kabupaten Buleleng, Indonesia",,,US,Seaside Designer Treehouse ~ Stunning Views ~ Pool,Pool,Jun 13 - 18,13,6,121.0,4.75,
"Room in Kabupaten Buleleng, Indonesia",,,US,private villa with infinity pool hill and sea view,"Pool, Ocean view",Oct 6 - 11,6,10,53.0,4.8,
"Hut in Ubud, Indonesia",,,US,50% OFF | Ipian Jiwa Eco Bamboo Uniquely Escape,,Oct 11 - 16,11,10,89.0,4.67,
"Villa in Bacnotan, La Union, Philippines",,,US,"Private Modern Beachfront Villa: Pool, Sunset View","Pool, Ocean front, Air conditioning",Jun 28 - Jul 3,28,,628.0,5.0,
"Villa in Lian, Philippines",,,US,SoftLaunch IbizaInspiredBeachfrontVilla inBatangas,"Ocean front, Air conditioning",Jul 2 - 7,2,7,473.0,4.91,
"Hotel in Kecamatan Ubud, Indonesia",,,US,Stunning Room Near Ubud Market - Outdoor Pool!!,Pool,Sep 14 - 20,14,9,44.0,4.78,
"Hotel in Tambon Ratsada, Thailand",,,US,Hotel Room with Private Plunge Pool Siray Bay#2,Pool,Jun 13 - 18,13,6,71.0,5.0,
"Guest suite in Bingin Beach, Indonesia",,,US,Suite 2 - Beachfront Luxury Suite on Bingin Beach,"Ocean front, Air conditioning",Oct 16 - 21,16,10,267.0,4.93,
"Villa in Bacnotan, La Union, Philippines",,,US,"Private Modern Beachfront Villa: Pool, Sunset View","Pool, Ocean front, Air conditioning",Jun 28 - Jul 3,28,,628.0,5.0,
"Loft in Seminyak, Indonesia",,,US,TROPICAL - DESIGNER LOFT - Seminyak,,Sep 26 - Oct 1,26,,220.0,4.98,
"Villa in Lian, Philippines",,,US,SoftLaunch IbizaInspiredBeachfrontVilla inBatangas,"Ocean front, Air conditioning",Jul 2 - 7,2,7,473.0,4.91,
"Treehouse in Klungkung, Indonesia",,,US,3 Bdr - The Dream Cliffside Bamboo Villa By Avana,,Aug 3 - 8,3,8,913.0,4.97,
"Villa in Kecamatan Ubud, Indonesia",,,US,Madara Ubud Villas,,Aug 2 - 7,2,8,194.0,4.83,
"Shipping container in Tambon Bo Put, Thailand",,,US,New 2BR+2Bath Eco Home,,Jul 24 - 29,24,7,53.0,4.73,
"Place to stay in Penebel, Indonesia",,,US,Le Aiken Xperience - Unique Bamboo House,,Aug 30 - Sep 4,30,,252.0,4.69,
"Home in Kecamatan Tampaksiring, Indonesia",,,US,Six-Bamboo Villa in Eco Six Bali Resort,,Sep 30 - Oct 6,30,,458.0,5.0,
"Home in Kecamatan Kuta Selatan, Indonesia",,,US,One-Bedroom Villa Suite Deluxe,,Sep 24 - 29,24,9,229.0,4.95,
"Treehouse in Tegallalang, Indonesia",,,US,Enchanted Hobbit Treehouse Nestled in the Jungle,,Oct 17 - 24,17,10,207.0,4.92,
"Home in Tegallalang, Indonesia",,,US,Romantic hideaway for two,,Oct 25 - 30,25,10,33.0,4.97,
"Apartment in Nasugbu, Philippines",,,US,PICO DE LORO ( Santorini Vibe),,Jun 25 - 30,25,6,112.0,4.88,
"Villa in Kecamatan Tampaksiring, Indonesia",,,US,*NEW* Lovely New 3BR Villa Stunning Jungle View,,Sep 12 - 17,12,9,381.0,4.7,
"Villa in South Kuta, Indonesia",,,US,Nalu Bingin - 1 Bedroom Villa,,Sep 25 - 30,25,9,202.0,5.0,
"Villa in Kecamatan Ubud, Indonesia",,,US,Pelangi Treehouse (formerly Skai Joglo),,Sep 25 - 30,25,9,229.0,4.92,
"Place to stay in Pecatu, Indonesia",,,US,°3 Charming room in Bingin beach,Air conditioning,Sep 10 - 15,10,9,155.0,4.52,
"Villa in Ubud, Indonesia",,,US,"Luxe Villa in Tropical Oasis, Ubud. Walk to town.",,Oct 28 - Nov 2,28,,176.0,4.93,
"Villa in Banjar, Indonesia",,,US,4br Lovina Paradise - Ocean View,Ocean view,Jun 9 - 14,9,6,460.0,4.93,
"Condo in Johor Bahru, Malaysia",,,US,"Baby & kids friendly, JB CIQ, Romantic Duplex",,Jun 25 - 30,25,6,75.0,4.82,
"Tiny home in Concepcion, Philippines",,,US,Tiny House by The Modern Escape,,Jul 3 - 8,3,7,128.0,5.0,
"Villa in Kecamatan Kuta Utara, Indonesia",,,US,Gorgeous luxury 1 bedroom villa in heart of Canggu,,Sep 9 - 14,9,9,325.0,4.87,
"Villa in Kecamatan Seririt, Indonesia",,,US,Boho-Chic villa with ocean&rice field view,,Sep 28 - Oct 3,28,,201.0,4.97,
"Villa in Ubud, Indonesia",,,US,Ceylon Villas 4 - 1BR Villa! 5 mins to Ubud 🌴,,Nov 23 - 28,23,11,125.0,4.92,
"Place to stay in Kecamatan Kuta Selatan, Indonesia",,,US,Gypsea Bali Bungalow with private bathroom and AC,Air conditioning,Sep 11 - 16,11,9,155.0,4.92,
"Hut in Kecamatan Ubud, Indonesia",,,US,"DAY CLOUDS, Ubud",,Jul 20 - 25,20,7,72.0,4.59,
"Cabin in Amadeo, Philippines",,,US,Cozy Loft Cabins Near Tagaytay,,Aug 7 - 13,7,8,252.0,4.88,
"Place to stay in Tabanan, Indonesia",,,US,Ocean View and Private Pool at Balian Beach,"Pool, Ocean view, Air conditioning",Jul 23 - 28,23,7,116.0,4.82,
"Cabin in Kecamatan Sukasada, Indonesia",,,US,Wanagiri Cabin,,Nov 1 - 7,1,11,148.0,4.97,
"Place to stay in Nusapenida, Indonesia",,,US,Batan Sabo Cottage,,Sep 27 - Oct 2,27,,72.0,4.72,
"Treehouse in Kecamatan Ubud, Indonesia",,,US,Bamboo Turtle cabin river view 5km to Ubud center,,Jul 9 - 14,9,7,118.0,4.88,
"Home in Kecamatan Ubud, Indonesia",,,US,PROMO! Luxury Villa Escape in Ubud 2 BR,,Sep 1 - 6,1,9,306.0,5.0,
"Apartment in Candidasa, Indonesia",,,US,Villa Sea Spray Bali Cowrie literally on the Ocean,,Aug 19 - 24,19,8,130.0,4.79,
"Home in Kecamatan Selat, Indonesia",,,US,The Nude House,,Jul 10 - 15,10,7,305.0,4.68,
"Villa in Kathu, Thailand",,,US,Tiny Poolvilla in the heart of Phuket,Pool,Jul 25 - 30,25,7,119.0,5.0,
"Treehouse in Kecamatan Ubud, Indonesia",,,US,Bamboo Turtle cabin river view 5km to Ubud center,,Jul 9 - 14,9,7,118.0,4.88,
"Home in Kecamatan Ubud, Indonesia",,,US,PROMO! Luxury Villa Escape in Ubud 2 BR,,Sep 1 - 6,1,9,306.0,5.0,
"Apartment in Kuala Lumpur, Malaysia",,,US,Instagrammable Loft Studio in EkoCheras KL,,Jul 9 - 14,9,7,60.0,4.94,
"Villa in Kecamatan Banjar, Indonesia",,,US,❤PROMO Beachfront oasis. Private pool and firepit,"Pool, Ocean front, Air conditioning",Jun 16 - 21,16,6,189.0,4.74,
"Condo in Federal Territory of Kuala Lumpur,, Malaysia",,,US,Arte Mont Kiara Muji Suites,,Jun 4 - 11,4,6,51.0,4.59,
"Villa in Tagaytay, Philippines",,,US,My Canopy Tagaytay (with thermal pool),Pool,Sep 17 - 22,17,9,424.0,4.91,
"Room in UbudUbud, Gianyar, Indonesia",,,US,Luxe Suite: Villacellabella Ubud Bali Instaworthy,Air conditioning,Jun 26 - Jul 1,26,,490.0,4.92,
"Apartment in phường 6, Vietnam",,,US,CITY APART ★ CENTRAL City-FREE Pool & Gym,Pool,Jun 1 - 6,1,6,31.0,4.64,
"Place to stay in Ubud, Indonesia",,,US,Villa Akasha - Bio-Architected Eco Dome,,Sep 19 - 24,19,9,86.0,4.65,
"Resort in Lian, Philippines",,,US,#1Beach Front Villa room Villa Blanca Beach Front,Air conditioning,Jun 4 - 9,4,6,71.0,4.58,
"Villa in Ubud, Indonesia",,,US,Luxury 1 BR Villa w/ Private Pool & Ricefield View,Pool,Oct 25 - 30,25,10,92.0,4.95,
"Apartment in Melaka, Malaysia",,,US,Yuma • Atlantis Melaka/3BR 8Pax WiFi Balcony SeaView,Wi-Fi,Jun 18 - 23,18,6,40.0,4.43,
"Villa in Tampaksiring, Indonesia",,,US,Ceylon Villas 1 - 2BR Villa! 5 mins to Ubud 🌴,,Sep 27 - Oct 2,27,,166.0,4.89,
"Home in 頭城鎮, Taiwan",,,US,"Newly furnished first row of seaview in Moon, sea view, perfect sunrise ~ long term rental welcome (also discounted)",Ocean view,Jul 9 - 14,9,7,155.0,4.92,
"Boutique hotel in Kathu District, Thailand",,,US,B Designer King Bed with Partial SEA VIEW bath,Ocean view,Jun 2 - 7,2,6,75.0,4.5,
"Hut in Selat, Indonesia",,,US,"Vaikuntha#3, The Pursuit of Perfect Rustic Beauty",,Oct 15 - 20,15,10,201.0,4.82,
"Resort in Tambon Maret, Thailand",,,US,DELUXE SEA VIEW + Hot Tub @Koh Samui,"Jacuzzi, Ocean view",Jun 2 - 7,2,6,72.0,4.63,
"Apartment in Bangkok, Thailand",,,US,Spacious Apt in City of Angels,Air conditioning,Jun 8 - 13,8,6,19.0,4.95,
"Apartment in Phuket, Thailand",,,US,"Luxury room & Sky pool, in Phuket town",Pool,Jun 8 - 13,8,6,40.0,4.81,
"Tent in Kintamani, Indonesia",,,US,Mt Batur Sunrise & overnight,,Jun 11 - 16,11,6,42.0,4.97,
"Place to stay in Nusa Penida, Indonesia",,,US,Tide 2 in Penida Tides Cottage,,Jul 29 - Aug 3,29,,32.0,4.85,
"Villa in Ubud, Indonesia",,,US,Ceylon Villas 2 - 2BR Villa! 5 mins to Ubud 🌴,,Oct 12 - 17,12,10,157.0,4.88,
"Room in Kabupaten Badung, Indonesia",,,US,Private room4 Legian/breakfast/close to Kuta beach,Air conditioning,Jun 6 - 11,6,6,81.0,4.91,
"Villa in Karangasem, Indonesia",,,US,"Luxury Ocean Front, 2,500sq ft Private Eco Villa!",Ocean front,Jun 16 - 21,16,6,450.0,4.96,
"Apartment in PHUKET, Thailand",,,US,★Studio in Seafront Private Villa w/infinity pool★,Pool,Jun 30 - Jul 5,30,,53.0,4.83,
"Condo in Na Chom Thian, Thailand",,,US,Veranda Residence pattaya 2bedroom partial seaview,,Jun 6 - 11,6,6,83.0,4.89,
"Home in Hua Hin, Thailand",,,US,Cool Home w Garden near Sea,,Jul 6 - 11,6,7,77.0,4.81,
"Loft in Pasig, Philippines",,,US,Cozy & Modern Loft w/ high speed wi-fi and Netflix,Wi-Fi,Jul 5 - 10,5,7,35.0,4.92,
"Apartment in Phuket, Thailand",,,US,Cozy Place near Shopping Center,Air conditioning,Jun 20 - 25,20,6,35.0,4.96,
"Home in Tabanan, Indonesia",,,US,Ocean View Pool Villa @ Balian Beach,"Pool, Ocean view, Air conditioning",Jun 8 - 13,8,6,170.0,4.76,
"Villa in General Luna, Philippines",,,US,Oceanfront Pool Villa,Pool,Jul 30 - Aug 5,30,,163.0,4.96,
"Condo in George Town, Malaysia",,,US,Lovely 1 Bedroom Suite with Pool View,Pool,Jun 5 - 10,5,6,26.0,4.27,
"Home in Santander, Philippines",,,US,Private Beach House. The Shack,Air conditioning,Jun 11 - 18,11,6,89.0,4.88,
"Treehouse in Bali, Indonesia",,,US,Lounge Poolside Under Lush Greenery at an Organic Bamboo Pad,Pool,Jul 3 - 8,3,7,69.0,4.71,
"Apartment in Phuket, Thailand",,,US,"Luxury room & Sky pool, in Phuket town",Pool,Jun 8 - 13,8,6,40.0,4.81,
"Place to stay in Nusa Penida, Indonesia",,,US,Tide 2 in Penida Tides Cottage,,Jul 29 - Aug 3,29,,32.0,4.85,
"Apartment in Kuala Lumpur, Malaysia",,,US,Walk to Petronas Towers from a Stylish Apartment,,Jun 5 - 10,5,6,71.0,4.89,
"Hotel room in Gili Trawangan, Indonesia",,,US,Coconut Garden Resort Gili Trawangan,,Jul 24 - 30,24,7,69.0,4.84,
"Tiny home in Kabupaten Tabanan, Indonesia",,,US,Balian Beachfront Luxury Tiny House,"Ocean front, Air conditioning",Jun 5 - 10,5,6,186.0,5.0,
"Apartment in Port Dickson, Malaysia",,,US,PD D'Wharf Premium Suite - Full Seaview (4-6 Pax),,Jun 8 - 15,8,6,54.0,4.88,
"Apartment in PHUKET, Thailand",,,US,Studio in Beachfront Private Villa w/Infinity pool,"Pool, Ocean front, Air conditioning",Jun 18 - 23,18,6,38.0,4.88,
"Room in Phuket, Thailand",,,US,Grand Seaview Pool Suite •,Pool,Jun 1 - 6,1,6,111.0,4.85,
"Home in ตำบล บ้านใต้, Thailand",,,US,"❤️THE LOFT, Romantic Beachfront Home, HIN KONG.","Ocean front, Air conditioning",Aug 18 - 23,18,8,198.0,4.96,
"Home in ตำบล บ้านใต้, Thailand",,,US,"❤️THE LOFT, Romantic Beachfront Home, HIN KONG.","Ocean front, Air conditioning",Aug 18 - 23,18,8,198.0,4.96,
"Apartment in Kecamatan Senen, Indonesia",,,US,5* Studio Resort like: Mason Place Capitol Park,Air conditioning,Jun 8 - 13,8,6,29.0,4.95,
"Home in Lembang, Indonesia",,,US,Minimax House by wiandra,,Jun 3 - 8,3,6,96.0,4.84,
"Condo in Melaka, Malaysia",,,US,B1731/Seaview/5 mine drive to Jonker/Imperio/4 pax,,Jun 13 - 19,13,6,23.0,4.54,
"Loft in George Town, Malaysia",,,US,*6Maritime Seafront Scandinavian Home‖北欧风格日出无敌海景套房,,Jun 1 - 7,1,6,153.0,4.39,
"Condo in Cebu City, Philippines",,,US,Scenic Cebu City View Condo in Ayala,,Jun 16 - 21,16,6,41.0,4.98,
"Bungalow in Naiyang Beach, Thailand",,,US,"Baan Rom Pruk private house, near Naiyang beach",Air conditioning,Jun 5 - 10,5,6,26.0,4.96,
"Condo in Quận 4, Vietnam",,,US,10' walk to Bitexco D1 45sqm Studio - Stay&Fun 01,,Jun 2 - 7,2,6,38.0,4.8,
"Villa in Abiansemal, Indonesia",,,US,Ayung Panorama. Poetic house on Ayung River cliff,,Aug 27 - Sep 1,27,,159.0,4.91,
"Room in Ko Samui District, Thailand",,,US,Villa The Spot - Room B6,,Jun 3 - 8,3,6,127.0,4.75,
"Condo in Bayan Lepas, Malaysia",,,US,Cozy Seafront Studio Suite Near Queensbay,,Jun 25 - 30,25,6,52.0,4.83,
"Hut in Kecamatan Selat, Indonesia",,,US,GLAMPING Experience with an INFINITY POOL,Pool,Jun 22 - 27,22,6,79.0,4.8,
"Condo in Tambon Na Chom Thian, Thailand",,,US,Veranda Residence pattaya 1BR partial sea view,Ocean view,Jun 5 - 10,5,6,47.0,4.8,
"Apartment in Kuala Lumpur, Malaysia",,,US,1min KLCC Twin Tower & Pavilion/Ins cottage for best memories,,Jun 25 - 30,25,6,38.0,4.91,
"Cabin in Selat, Indonesia",,,US,Nyan Bali -A Bamboo House Escape with Private Chef,,Dec 1 - 6,1,12,237.0,4.95,
"Condo in Cebu City, Philippines",,,US,5-Star Experience at the Heart of Cebu,,Aug 9 - 16,9,8,49.0,4.96,
"Bungalow in Antipolo, Philippines",,,US,Antipolo - Secluded and Romantic,,Jun 4 - 9,4,6,143.0,4.87,
"Room in San Juan, Philippines",,,US,Alon and Sandy Surf Shack GFloor (Air Conditioned),Air conditioning,Jun 10 - 16,10,6,129.0,4.62,
"Room in Botolan, Philippines",,,US,The Blue Cabin #Beach,Air conditioning,Jun 3 - 8,3,6,62.0,4.85,
"Condo in Manila, Philippines",,,US,"Amazing Manila Bay View! Spacious Comfy, Clean *31",Air conditioning,Jun 11 - 16,11,6,69.0,4.9,
"Apartment in Thalang, Thailand",,,US,Luxurious private 2bedrm seafront Phuket penthouse,,Sep 2 - 7,2,9,286.0,4.92,
"Condo in Tagaytay, Philippines",,,US,Serenity Tagaytay Home w/ WIFI & NETFLIX,Wi-Fi,Jun 11 - 16,11,6,30.0,4.79,
"Apartment in Melaka, Malaysia",,,US,B1933B/5 min drive to Jonker/Seaview/Imperio/4 pax,,Jun 18 - 24,18,6,24.0,4.69,
"Villa in Phu Quoc, Vietnam",,,US,H&B Villas Phu Quoc - 3 Bedrooms,,Jun 1 - 6,1,6,252.0,5.0,
"Condo in Pasig, Philippines",,,US,A Chic and Cozy 2Br Unit w/ Netflix and Disney+,,Jun 4 - 9,4,6,34.0,4.94,
"Loft in George Town, Malaysia",,,US,Coastline Seaview Duplex Level 19 Executive Floor,,Jun 4 - 9,4,6,87.0,4.92,
"Cabin in Tambon Ko Pha-ngan, Thailand",,,US,"BOHO CABIN, Hin Kong Beachfront, West Coast.","Ocean front, Air conditioning",Jul 7 - 12,7,7,132.0,4.98,
"Apartment in Tambon Kamala, Thailand",,,US,(A)Charming Pool Access One Bedroom Apartment,"Pool, Air conditioning",Jun 3 - 8,3,6,65.0,4.82,
"Condo in Pasay, Philippines",,,US,"One Bedroom Condo in Roxas Boulevard, Pasay City",,Jun 7 - 12,7,6,30.0,4.77,
"Villa in Seririt, Indonesia",,,US,Wake up to the Sea of Bali: Beachfront luxury plus,"Ocean front, Air conditioning",Oct 10 - 16,10,10,194.0,5.0,
"Cabin in Lazi, Philippines",,,US,Enchanted River cabin w/private garden and kitchen,Kitchen,Aug 19 - 24,19,8,51.0,4.85,
"Condo in Cebu City, Philippines",,,US,Cozy City Condo at Horizons 101 [ W/ WIFI ].,Wi-Fi,Jun 5 - 10,5,6,26.0,4.44,
"Apartment in Tambon Patong, Thailand",,,US,SUNSET SEAVIEW DELUXE PATONG - POOL+TERRACE,"Pool, Air conditioning",Jun 25 - 30,25,6,64.0,4.8,
"Apartment in Tambon Rawai, Thailand",,,US,Appartment 140 sqm 6 people big terrace sea view,"Ocean view, Air conditioning",Jun 14 - 19,14,6,111.0,4.91,
"Condo in Chiang Mai, Thailand",,,US,Cozy room 48.5 sq.m @The Astra near Night market,,Jun 7 - 12,7,6,45.0,4.89,
"Apartment in Kuala Lumpur, Malaysia",,,US,EXPRESSIONZ-1Bedroom-Junior-Suite-KLCC-Sky-Pool,Pool,Jun 1 - 6,1,6,53.0,4.78,
"Loft in George Town, Malaysia",,,US,Coastline Seaview Duplex Level 19 Executive Floor,,Jun 4 - 9,4,6,87.0,4.92,
"Hotel in Nha Trang, Vietnam",,,US,VENUE HOTEL-20% Superior City NiceWindow#Good Rate,,Jun 4 - 9,4,6,17.0,4.35,
"Farm stay in Gianyar, Indonesia",,,US,"Bebalilodge, one bedroom house with private pool",Pool,Oct 30 - Nov 4,30,,76.0,4.97,
"Cabin in Tambon Ko Pha-ngan, Thailand",,,US,"BOHO CABIN, Hin Kong Beachfront, West Coast.","Ocean front, Air conditioning",Jul 7 - 12,7,7,132.0,4.98,
"Apartment in Tambon Kamala, Thailand",,,US,(A)Charming Pool Access One Bedroom Apartment,"Pool, Air conditioning",Jun 3 - 8,3,6,65.0,4.82,
"Villa in Seririt, Indonesia",,,US,Wake up to the Sea of Bali: Beachfront luxury plus,"Ocean front, Air conditioning",Oct 10 - 16,10,10,194.0,5.0,
"Cabin in Lazi, Philippines",,,US,Enchanted River cabin w/private garden and kitchen,Kitchen,Aug 19 - 24,19,8,51.0,4.85,
"Condo in Tambon Thep Krasatti, Thailand",,,US,2 Bedrooms Beachfront on Maikhao Beach B#7F,"Ocean front, Air conditioning",Jun 1 - 6,1,6,90.0,4.6,
"Apartment in Tambon Hua Hin, Thailand",,,US,La Casita Hua Hin 2,,Jun 22 - 27,22,6,32.0,4.75,
"Room in Tebet, Indonesia",,,US,The LOJI @ Patra Kuningan # 3,,Jun 30 - Jul 5,30,,24.0,4.83,
"Condo in Cebu City, Philippines",,,US,Cozy Studio across Ayala Mall iT Park 1min walk,Air conditioning,Jul 20 - 25,20,7,26.0,4.78,
"Bungalow in Ko Samui, Thailand",,,US,B4: Sea Breeze Bungalow with Ensuite and AC,Air conditioning,Jun 14 - 19,14,6,33.0,4.82,
"Villa in Pemuteran, Indonesia",,,US,"Villa Arun, Sumberkima Hill",,Aug 21 - 26,21,8,262.0,4.88,
"Apartment in Quận 4, Vietnam",,,US,DANNY’s HIGH VIEW STUDIO near District1 Ben Thanh!,,Jun 3 - 8,3,6,44.0,4.78,
"Apartment in Kuala Lumpur, Malaysia",,,US,Premier Lux Studio Large Tv Free Netflix | City,,Jun 1 - 8,1,6,62.0,4.9,
"Cabin in Tambon Ko Pha-ngan, Thailand",,,US,"BOHO CABIN, Hin Kong Beachfront, West Coast.","Ocean front, Air conditioning",Jul 7 - 12,7,7,132.0,4.98,
"Condo in Johor Bahru, Malaysia",,,US,【R&F】Studio of Dual-Key Homely Getaway byⓗⓢ,,Jun 4 - 9,4,6,44.0,4.78,
"Apartment in Bangkok , Thailand",,,US,"Luxury Q Chidlom Condo, BTS ChitLom, Siam,",,Jun 1 - 8,1,6,90.0,4.79,
"Apartment in Tambon Kamala, Thailand",,,US,(A)Charming Pool Access One Bedroom Apartment,"Pool, Air conditioning",Jun 3 - 8,3,6,65.0,4.82,
"Apartment in Muang Pattaya, Thailand",,,US,#18 2022 Newest! Downtown Lux Fun Sea View Condo,Ocean view,Jun 1 - 6,1,6,63.0,5.0,
"Condo in Melaka, Malaysia",,,US,B2733/Seaview/5mins to Jonker/Imperio/Studio/4pax,,Jun 4 - 10,4,6,30.0,4.71,
"Condo in Cyberjaya, Malaysia",,,US,Kanvas Soho / KLIA / FREE WIFI 500mbps,Wi-Fi,Jun 4 - 9,4,6,24.0,4.8,
"Loft in Jelutong, Malaysia",,,US,#Maritime*3*The Rhythm of the Sea @ 日出无敌全海景,,Jun 30 - Jul 5,30,,98.0,4.56,
"Villa in Phuket, Thailand",,,US,Waterfront Traditional Thai Style Pool Villa (V7),Pool,Jun 1 - 6,1,6,41.0,4.71,
"Apartment in Pasay, Philippines",,,US,Comfy-Cozy-Cheap @ NAIA 3 near RW w/ NETFLIX,,Jul 25 - 30,25,7,33.0,4.86,
"Condo in Manila, Philippines",,,US,[50mbps+NETFLIX] Your home in the heart of Manila,,Jun 1 - 6,1,6,28.0,4.73,
"Room in Khet Din Daeng, Thailand",,,US,Comfy Room with Bathroom near MRT Phra Ram 9,,Aug 14 - 19,14,8,30.0,4.99,
"Apartment in Patong, Thailand",,,US,"Endless Patong Ocean View from a Hilltop Condominium, Phuket",Ocean view,Jun 1 - 8,1,6,56.0,4.95,
"Villa in Uluwatu, Indonesia",,,US,"Spectacular Ocean View Villa in Uluwatu, Bali","Ocean view, Air conditioning",Jun 14 - 19,14,6,673.0,4.94,
"Room in Kecamatan Ubud, Indonesia",,,US,"Exclusive Villa, for Couples Looking To Relax",,Sep 4 - 9,4,9,149.0,4.85,
"Apartment in Tambon Patong, Thailand",,,US,1 BR Phuket Modern Luxury Living,,Jun 6 - 11,6,6,44.0,4.68,
"Apartment in Shah Alam, Malaysia",,,US,*SETIA ALAM* Big Luxury Comfort Homestay #Trefoil,,Jun 7 - 12,7,6,30.0,4.87,
"Room in Ubud, Indonesia",,,US,Luxury Villa in Ubud,,Jun 10 - 15,10,6,65.0,4.91,
"Resort in Langkawi, Malaysia",,,US,"S101 Beachfront Private Villa,
A Resort by the Sea","Ocean front, Air conditioning",Jun 4 - 9,4,6,49.0,4.75,
"Apartment in Kuala Lumpur, Malaysia",,,US,Admire Deluxe Marble Walls at a Highrise Resort Home,,Jun 2 - 7,2,6,85.0,4.85,
"Condo in Melaka, Malaysia",,,US,B1706/5 mins drive to Jonker/Imperio/Studio/4pax,,Jun 1 - 7,1,6,29.0,4.79,
"Room in Kecamatan Ubud, Indonesia",,,US,Odesa Villa1 Ubud close to center,,Jun 11 - 16,11,6,29.0,5.0,
"Hotel room in Ubud, Indonesia",,,US,"Malay villa, Best views in Ubud!",,Jun 8 - 13,8,6,167.0,4.77,
"Room in Khlong Ton Sai, Khlong San, Thailand",,,US,*Hidden Oasis Bangkok 1 | Near ICONSIAM,,Jul 2 - 7,2,7,28.0,4.86,
"Home in Tambon Bo Put, Thailand",,,US,Directly on the beach-for animal lovers only,Air conditioning,Jun 1 - 6,1,6,144.0,5.0,
"Place to stay in Kamala, Thailand",,,US,"Maphrao in Kamala, accommodation on the beach",Air conditioning,Jun 3 - 10,3,6,49.0,4.89,
"Room in El Nido, Philippines",,,US,A Divers Home: beachfront room with sunset view,"Ocean front, Air conditioning",Jun 26 - Jul 2,26,,34.0,4.89,
Tiny home in Millersburg,Tiny home,Millersburg,US,Forest Haven - Otium,,May 1 - 6,1,5,224.0,4.85,
Treehouse in Crane Hill,Treehouse,Crane Hill,US,WANDERLUST TREEHOUSE Book an experience!,,May 1 - 6,1,5,402.0,4.99,
Home in Telluride,Home,Telluride,US,Architectural Masterpiece | Best View in Telluride,,May 1 - 6,1,5,732.0,4.97,
Cabin in West Farmington,Cabin,West Farmington,US,The Triangle: A-Frame Cabin for your city retreat,,May 1 - 6,1,5,123.0,4.91,
Cabin in Crosby,Cabin,Crosby,US,Cozy Louise Cabin - Direct Cuyuna MTB Access/Sauna,Air conditioning,May 1 - 6,1,5,225.0,5.0,
Cabin in Hancock,Cabin,Hancock,US,A-frame cabin by the bay with kayak!,,May 1 - 6,1,5,230.0,4.88,
Tiny home in Sandy Valley,Tiny home,Sandy Valley,US,Peacock Tiny House near Las Vegas,Air conditioning,May 1 - 6,1,5,155.0,4.92,
Cabin in Fredericksburg,Cabin,Fredericksburg,US,Peach Log Cabin/Hot Tub/Romantic/Close to Town!,"Jacuzzi, Air conditioning",May 1 - 6,1,5,292.0,4.97,
Room in New York,Room,New York,US,Guest room available short stays,,May 1 - 6,1,5,217.0,5.0,
Cabin in Fredonia,Cabin,Fredonia,US,"Tiny House Cozy Cabin by Zion, Grand Canyon, Bryce",,May 1 - 6,1,5,188.0,5.0,
Treehouse in Dahlonega,Treehouse,Dahlonega,US,Nature’s Nook- A Modern Treehouse Near Wineries,,May 1 - 6,1,5,336.0,4.94,
Farm stay in Sandy Valley,Farm stay,Sandy Valley,US,Conestoga Wagon on Dude Ranch NEAR LAS VEGAS,,May 1 - 6,1,5,147.0,4.86,
Treehouse in Travelers Rest,Treehouse,Travelers Rest,US,The Forestry House - A modern luxury treehouse.,,May 1 - 6,1,5,305.0,,
Treehouse in Fernwood,Treehouse,Fernwood,US,Crystal Peak Lookout 🌲,,May 5 - 10,5,5,230.0,4.88,
Cabin in Packwood,Cabin,Packwood,US,Heartwood Cabin at Mt. Rainier,,May 1 - 6,1,5,354.0,4.98,
Cabin in Nashville,Cabin,Nashville,US,Modern Nashville Home in the Woods,,May 5 - 10,5,5,278.0,4.99,
Treehouse in Fredericksburg,Treehouse,Fredericksburg,US,The Leaf Treehouse,,May 1 - 6,1,5,641.0,4.99,
Cabin in Bryson City,Cabin,Bryson City,US,Secluded View! A-Frame Hot Tub and Fire Pit,Jacuzzi,May 1 - 6,1,5,361.0,4.95,
Cabin in Branson,Cabin,Branson,US,Lakefront A-Frame Cabin on Table Rock Lake,,May 1 - 6,1,5,129.0,4.86,
Home in Livingston,Home,Livingston,US,The Cargill-Earl Guesthouse at Erik's Ranch,,May 1 - 6,1,5,426.0,4.88,
Home in Taos,Home,Taos,US,Taos Mesa Studio Earthship,,May 1 - 6,1,5,194.0,4.91,
Place to stay in Shippensburg,Place to stay,Shippensburg,US,A- Frame Cabin,,May 1 - 6,1,5,273.0,5.0,
Home in Scottsdale,Home,Scottsdale,US,Diamond Desert Escape,,May 3 - 8,3,5,384.0,4.97,
Cabin in Ronan,Cabin,Ronan,US,Calowahcan Cabin *NEW hot tub*,Jacuzzi,May 1 - 6,1,5,213.0,5.0,
Home in Fairlee,Home,Fairlee,US,Cozy Bow House Perched in Trees w/ Hot Tub & View,Jacuzzi,May 1 - 6,1,5,244.0,4.95,
Yurt in Rising Fawn,Yurt,Rising Fawn,US,Cherry Blossom Yurt on Lookout Mountain,,May 1 - 6,1,5,157.0,4.97,
Cabin in Boone,Cabin,Boone,US,Storybook A-Frame Cabin in the Woods Close to Downtown Boone,,May 1 - 6,1,5,218.0,4.99,
Cabin in Urbana,Cabin,Urbana,US,The Cabin at Maple View - Accepting Reservations,Air conditioning,May 1 - 6,1,5,123.0,4.99,
Cabin in Martin City,Cabin,Martin City,US,Romantic Cabin - 9 miles to Glacier National Park,Air conditioning,May 1 - 6,1,5,171.0,4.91,
Home in Austin,Home,Austin,US,Enjoy the Heated Pool at a Beautifully Designed Getaway,Pool,May 1 - 6,1,5,213.0,4.96,
Cabin in Livingston,Cabin,Livingston,US,10-Acre Yellowstone Cabin w/Stunning Mtn View,Air conditioning,May 1 - 6,1,5,222.0,4.93,
Condo in Avalon,Condo,Avalon,US,"The Big Blue, 1 BR+Den!",,May 1 - 6,1,5,597.0,4.79,
Tent in Moab,Tent,Moab,US,Moab Glamping Luxury Tent for 2,,May 1 - 6,1,5,254.0,4.92,
Home in Destin,Home,Destin,US,Villa Loggia! 5min walk to Prvt Beach/pool/SmartTV,"Pool, Air conditioning",May 6 - 11,6,5,417.0,4.94,
Cabin in Crivitz,Cabin,Crivitz,US,"Scenic, Serene Lakefront Cabin — Wood Stove",,May 1 - 6,1,5,149.0,4.99,
Tiny home in Lakeside,Tiny home,Lakeside,US,The Stillwater at Stoner Creek Cabins,,May 1 - 6,1,5,178.0,5.0,
Home in Half Moon Bay,Home,Half Moon Bay,US,A little piece of heaven...,,May 1 - 6,1,5,950.0,4.88,
Home in Henderson,Home,Henderson,US,Beautiful pool home near strip,Pool,May 1 - 6,1,5,252.0,5.0,
Condo in Orange Beach,Condo,Orange Beach,US,Totally Beachin - Condo with Stunning Ocean Views,"Ocean view, Air conditioning",May 1 - 6,1,5,287.0,4.69,
Cabin in Clyde,Cabin,Clyde,US,Moonlit Chalet,,May 1 - 6,1,5,175.0,4.87,
Home in Wilmington,Home,Wilmington,US,Atlantic Coast Dome Home Across from Sound w/ View,Air conditioning,May 19 - 24,19,5,244.0,4.96,
Home in Cape Coral,Home,Cape Coral,US,Welcome to our Modern Cape Escape with Heated Pool,Pool,May 1 - 6,1,5,233.0,4.96,
Vacation home in Klamath Falls,Vacation home,Klamath Falls,US,The 'Easy A' Cabin in Rocky Point,,May 1 - 6,1,5,202.0,4.82,
Condo in Daytona Beach,Condo,Daytona Beach,US,Luxury One Bedroom Condo with private balcony,,May 1 - 6,1,5,123.0,4.9,
Home in St. Augustine,Home,St. Augustine,US,"""Swan Ocean"" Beach House on Vilano Beach",Air conditioning,May 1 - 6,1,5,955.0,4.88,
Condo in New Smyrna Beach,Condo,New Smyrna Beach,US,Coastal Waters 214-2nd floor ocean view condo,Ocean view,May 1 - 6,1,5,168.0,4.47,
Home in Eustis,Home,Eustis,US,Lake House Minutes to Downtown Mt. Dora and Eustis,,May 1 - 6,1,5,173.0,4.99,
Tiny home in White Pigeon,Tiny home,White Pigeon,US,Circle J Bed & Breakfast,,May 1 - 6,1,5,92.0,4.97,
Cabin in Cripple Creek,Cabin,Cripple Creek,US,"Hillside Cripple Creek Cabin w/Hot Tub, Mtn Views!",Jacuzzi,May 1 - 6,1,5,196.0,4.93,
Cabin in Moab,Cabin,Moab,US,Basic Cabin #1 - Sleeps 4 - OK-C1,,May 6 - 11,6,5,125.0,4.86,
Home in Petersburg,Home,Petersburg,US,ONLY 1.5 Miles from the Creation Museum!,,May 1 - 6,1,5,124.0,4.89,
Home in Twentynine Palms,Home,Twentynine Palms,US,"Blue Oasis | King Bed | Feel Far, Be Close Dogs ok",,May 1 - 6,1,5,155.0,4.94,
Room in McKinney,Room,McKinney,US,Garden Gate Getaway,,May 1 - 6,1,5,53.0,4.88,
Home in El Prado,Home,El Prado,US,"Taos Skybox ""Stargazer"" High Desert Retreat",,May 1 - 6,1,5,184.0,4.93,
Treehouse in Sevierville,Treehouse,Sevierville,US,"The best in tiny living!
TreehouseTopia",,May 1 - 6,1,5,229.0,4.87,
Home in Fort Myers,Home,Fort Myers,US,*Unique Pyramid Home for an amazing vacation,Air conditioning,May 1 - 6,1,5,231.0,4.93,
Cottage in Los Angeles,Cottage,Los Angeles,US,Private Modern Guesthouse near Mulholland Drive,,May 1 - 6,1,5,151.0,4.93,
Home in Summertown,Home,Summertown,US,Water side Cozy cabin,,May 1 - 6,1,5,98.0,4.91,
Cabin in Florissant,Cabin,Florissant,US,NEW! One-of-a-Kind Luxury Cabin w/Hot Tub,Jacuzzi,May 1 - 6,1,5,358.0,5.0,
Guesthouse in Escondido,Guesthouse,Escondido,US,Hilltop cabin retreat with lake & mountain views,,May 1 - 6,1,5,188.0,4.93,
Townhouse in Kissimmee,Townhouse,Kissimmee,US,Brand New 3 beds at Solara Resort,,May 1 - 6,1,5,155.0,4.83,
Cabin in Gold Bar,Cabin,Gold Bar,US,New lux cabin w/mount index view,,May 1 - 6,1,5,276.0,4.86,
Treehouse in Watsonville,Treehouse,Watsonville,US,Redwood Treehouse Santa Cruz Mtns.,,May 5 - 10,5,5,190.0,4.89,
Condo in Kissimmee,Condo,Kissimmee,US,Mickey Mouse Themed Getaway next to Disney 1,,May 1 - 6,1,5,115.0,4.84,
Home in Ellington,Home,Ellington,US,Crystal Lake House,,May 1 - 6,1,5,155.0,5.0,
Home in Orlando,Home,Orlando,US,The Orlando Retreat.,,May 1 - 6,1,5,230.0,4.95,
Farm stay in Lebec,Farm stay,Lebec,US,The Alpaca (A Lone Juniper Ranch Cabin),Air conditioning,May 1 - 6,1,5,124.0,4.92,
Cabin in Newry,Cabin,Newry,US,Cozy Cabin on Sunday River ~,,May 1 - 6,1,5,202.0,4.93,
Tiny home in Greer,Tiny home,Greer,US,*BRAND NEW* Tiny Village Retreat,,May 1 - 6,1,5,90.0,5.0,
Cabin in Pine Ridge,Cabin,Pine Ridge,US,Cliffside Romantic Retreat LOVE,,May 1 - 6,1,5,321.0,5.0,
Tiny home in Greer,Tiny home,Greer,US,Modern Cabin Tiny Retreat,,May 1 - 6,1,5,90.0,4.98,
Cabin in Groton,Cabin,Groton,US,Peaceful Log Cabin in the Woods,Air conditioning,May 3 - 8,3,5,122.0,4.99,
Cabin in Ellijay,Cabin,Ellijay,US,Cozy Creek Cabin-couples retreat nestled in woods,,May 1 - 6,1,5,184.0,4.98,
Apartment in Orlando,Apartment,Orlando,US,Cozy Studio close to Universal,,May 1 - 6,1,5,82.0,4.2,
Cabin in Blue Ridge,Cabin,Blue Ridge,US,Beaver Bungalow - Long Range Mountain Views,,May 1 - 6,1,5,163.0,4.96,
Condo in Destin,Condo,Destin,US,"Sea Squirrel, Beach views in Crystal Beach",Air conditioning,May 1 - 6,1,5,246.0,4.78,
Tiny home in Hillsboro,Tiny home,Hillsboro,US,Out of Bounds: Tiny Cabin amongst acres of trees,Air conditioning,May 1 - 6,1,5,170.0,4.95,
Apartment in Orlando,Apartment,Orlando,US,Newly remodeled! Condo in Center of All The Action,Air conditioning,May 1 - 6,1,5,100.0,4.49,
Tiny home in Cortez,Tiny home,Cortez,US,Canyon Hideout Bungalow,,May 1 - 6,1,5,179.0,5.0,
Place to stay in Wapwallopen,Place to stay,Wapwallopen,US,"Peaceful, authentic, rustic log cabin in the woods",Air conditioning,May 4 - 9,4,5,132.0,4.98,
Cottage in Crozet,Cottage,Crozet,US,Idyllic Cottage Retreat,,May 1 - 6,1,5,188.0,4.86,
Cabin in Leicester,Cabin,Leicester,US,Cabin Kisa,,May 1 - 6,1,5,106.0,5.0,
Cabin in Robbinsville,Cabin,Robbinsville,US,Mountain Dream gorgeous view with hot tub,Jacuzzi,May 1 - 6,1,5,190.0,4.96,
Apartment in Kissimmee,Apartment,Kissimmee,US,Special Offer Storey Lake 2Bedr 2Bath Free Waterpark BE307,,May 1 - 6,1,5,134.0,4.79,
Cabin in Leicester,Cabin,Leicester,US,Cabin Kisa,,May 1 - 6,1,5,106.0,5.0,
Cabin in Robbinsville,Cabin,Robbinsville,US,Mountain Dream gorgeous view with hot tub,Jacuzzi,May 1 - 6,1,5,190.0,4.96,
Apartment in Kissimmee,Apartment,Kissimmee,US,Special Offer Storey Lake 2Bedr 2Bath Free Waterpark BE307,,May 1 - 6,1,5,134.0,4.79,
Cabin in Lancing,Cabin,Lancing,US,Creekside Cabin at Shady Grove Farm,,May 1 - 6,1,5,90.0,4.97,
Villa in Las Vegas,Villa,Las Vegas,US,"Vegas Villa-Heated Pool, Indoor Jacuzzi, Billiards","Pool, Jacuzzi, Air conditioning",May 1 - 6,1,5,668.0,4.93,
Villa in Miramar,Villa,Miramar,US,Modern Retreat with King Bed-Heated Pool-and Grill,Pool,May 1 - 6,1,5,494.0,5.0,
Apartment in Santa Monica,Apartment,Santa Monica,US,Venice Canals Sanctuary,,May 1 - 6,1,5,374.0,4.93,
Cabin in Sevierville,Cabin,Sevierville,US,Sugar Bear Hollow,,May 1 - 6,1,5,219.0,4.96,
Guesthouse in Phoenix,Guesthouse,Phoenix,US,Studio B,,May 1 - 6,1,5,111.0,4.95,
Tiny home in Desert Hot Springs,Tiny home,Desert Hot Springs,US,Rock Reign Ranch,,May 1 - 6,1,5,132.0,4.92,
Guest suite in Sedona,Guest suite,Sedona,US,"Sedona Sunset Jewel, Amazing Views, Pool",Pool,May 1 - 6,1,5,209.0,5.0,
Condo in Kissimmee,Condo,Kissimmee,US,10 mins to Disney-Hot tub-Queen Puffy Lux bed,Jacuzzi,May 2 - 7,2,5,213.0,4.82,
Apartment in Fernandina Beach,Apartment,Fernandina Beach,US,Largest 1 Bed 2 bath in Amelia Surf & Racquet Club,Air conditioning,May 1 - 6,1,5,306.0,,
Condo in Panama City Beach,Condo,Panama City Beach,US,300 STEPS TO THE BEACH-BEST 1 BEDROOM DEAL IN TOWN,Air conditioning,May 1 - 6,1,5,169.0,4.68,
Room in New York,Room,New York,US,Private room(s) in a Renovated Manhattan Townhouse,,May 1 - 6,1,5,259.0,4.94,
Condo in Miami,Condo,Miami,US,Luxurious brickell apartment 38thfloor ocean view,Ocean view,May 1 - 6,1,5,239.0,4.69,
Loft in Chicago,Loft,Chicago,US,"Lakeview Loft-Vintage Chicago, Modern Amenities",,May 1 - 6,1,5,126.0,4.96,
Cottage in Kissimmee,Cottage,Kissimmee,US,"JU Super Duper Tiny House, 15 minutes to Disney",,May 1 - 6,1,5,98.0,4.95,
Apartment in Orlando,Apartment,Orlando,US,Excellent suite to enjoy near Disney.,,May 1 - 6,1,5,90.0,4.71,
Home in DeFuniak Springs,Home,DeFuniak Springs,US,On Juniper Lake w/Boat Dock Near 30A!,,May 1 - 6,1,5,113.0,4.79,
Condo in Hilton Head Island,Condo,Hilton Head Island,US,Ocean Front Resort - King bed,Ocean front,May 1 - 6,1,5,184.0,4.93,
Cabin in Forks,Cabin,Forks,US,Cozy riverside/rain forest cabin ~ Bogie Bungalow,,May 3 - 8,3,5,143.0,4.96,
Condo in Fort Walton Beach,Condo,Fort Walton Beach,US,Ft Walton cozy condo w/ on-site pool. Near beaches,"Pool, Air conditioning",May 1 - 6,1,5,145.0,4.73,
Apartment in Sarasota,Apartment,Sarasota,US,Private Bay area home !,,May 1 - 6,1,5,117.0,4.67,
Cabin in Kanab,Cabin,Kanab,US,Altitude Adjustment,,May 10 - 15,10,5,208.0,4.98,
Room in Los Angeles,Room,Los Angeles,US,Private Room in Elegant French Gothic Home,,May 1 - 6,1,5,114.0,4.87,
Room in Carlisle,Room,Carlisle,US,Stuart Manor Bed and Breakfast,,May 1 - 6,1,5,223.0,5.0,
Condo in Pensacola,Condo,Pensacola,US,The Beach Couldn't Be Any Closer!,Air conditioning,May 1 - 6,1,5,260.0,4.9,
Apartment in Richmond,Apartment,Richmond,US,Point Richmond Top Floor Studio with Bay views,,May 1 - 6,1,5,153.0,4.95,
Guest suite in Trinidad,Guest suite,Trinidad,US,Cottage by the Sea,,May 1 - 6,1,5,138.0,4.92,
Home in Kissimmee,Home,Kissimmee,US,House by the Mouse: Something for Everyone!,,May 19 - 24,19,5,250.0,4.89,
Apartment in Houston,Apartment,Houston,US,King Suite/Sky Lounge/Luxurious Experience.,,May 1 - 6,1,5,108.0,4.85,
Cabin in Sevierville,Cabin,Sevierville,US,Few days left in May,,May 1 - 6,1,5,286.0,4.98,
Cabin in Fountain Green,Cabin,Fountain Green,US,"Cozy Private Mountain Cabin on 1,000 acre property",Air conditioning,May 1 - 6,1,5,186.0,4.96,
Room in New York,Room,New York,US,"Lovely Private Room-Manhattan, 70s-Upper East Side",,May 1 - 6,1,5,199.0,4.93,
Cottage in Islamorada,Cottage,Islamorada,US,1 BD PRIVATE HOUSEBOAT/ COTTAGE TARPON,,May 1 - 6,1,5,229.0,4.85,
Home in Michigan City,Home,Michigan City,US,Sugar Babe Beach Retreat with Hot Tub!,"Jacuzzi, Air conditioning",May 1 - 6,1,5,160.0,4.95,
Hotel in Kissimmee,Hotel,Kissimmee,US,Modern room in boutique hotel near amusement parks,,May 1 - 6,1,5,64.0,4.81,
Condo in Mary Esther,Condo,Mary Esther,US,"Kayaks adventure, Dock, Pool, WiFi Courtyard view.","Pool, Wi-Fi",May 1 - 6,1,5,112.0,4.72,
Apartment in Los Angeles,Apartment,Los Angeles,US,Historic Venice Apt 1/2 blocks to beach+parking,"Parking, Air conditioning",May 1 - 6,1,5,222.0,4.94,
Guesthouse in Greensboro,Guesthouse,Greensboro,US,A charmer!Great spot near downtown.,,May 1 - 6,1,5,81.0,4.97,
Apartment in Hallandale Beach,Apartment,Hallandale Beach,US,Beachfront Apartment,"Ocean front, Air conditioning",May 1 - 6,1,5,170.0,4.43,
Apartment in Galveston,Apartment,Galveston,US,Beach Front Condo In Casa Del Mar,Air conditioning,May 1 - 6,1,5,122.0,4.72,
Guesthouse in Carrollton,Guesthouse,Carrollton,US,The Cooper Cottage | Guesthouse,,May 1 - 6,1,5,91.0,5.0,
Cabin in Wofford Heights,Cabin,Wofford Heights,US,Tillie Creek Retreat: a Creekside Oasis,,May 1 - 6,1,5,145.0,4.85,
Home in Phoenix,Home,Phoenix,US,New* Desert Moon* HeartofPhoenix,,May 1 - 6,1,5,112.0,4.78,
Cottage in Mackinaw City,Cottage,Mackinaw City,US,Private Mackinaw City Beach Cottage ~ Bridge view,Air conditioning,May 23 - 28,23,5,355.0,4.91,
Guest suite in Cave Creek,Guest suite,Cave Creek,US,Room With The Views,,May 1 - 6,1,5,127.0,4.99,
Home in Venice,Home,Venice,US,Venice Getaway,,May 1 - 6,1,5,159.0,5.0,
Cabin in Weaverville,Cabin,Weaverville,US,Reems Creek Mountain Cabin,,May 9 - 14,9,5,237.0,5.0,
Condo in Panama City Beach,Condo,Panama City Beach,US,Beachfront~Amazing Views~Walkable to Walmart/Shops,"Ocean front, Air conditioning",May 1 - 7,1,5,184.0,4.96,
Condo in Miami,Condo,Miami,US,Lovely 1 bed condo with pool/wifi free parking,"Pool, Wi-Fi, Parking",May 1 - 6,1,5,149.0,4.92,
Cabin in Petrolia,Cabin,Petrolia,US,"The Lost Coast Tower, Petrolia",,May 1 - 6,1,5,225.0,4.92,
Apartment in New York,Apartment,New York,US,THE SMALL ENGLISH MANOR NESTLED AMONGST THE TREES,,May 1 - 6,1,5,276.0,4.89,
Guesthouse in Los Angeles,Guesthouse,Los Angeles,US,Private Loft In the Hollywood Hills (by Universal),,May 1 - 6,1,5,132.0,4.87,
Apartment in New York,Apartment,New York,US,"Location, location, location!",,May 1 - 6,1,5,260.0,5.0,
Guesthouse in Dallas,Guesthouse,Dallas,US,Ravinia Bungalow,,May 1 - 6,1,5,105.0,4.96,
Home in Holden Beach,Home,Holden Beach,US,Egret ~ Beachfront Cottage (pet-Friendly),"Ocean front, Air conditioning",May 4 - 9,4,5,248.0,4.93,
Cottage in Rockaway Beach,Cottage,Rockaway Beach,US,Storybook Beach Cottage Twin Rocks,Air conditioning,May 1 - 6,1,5,144.0,4.88,
Condo in Siesta Key,Condo,Siesta Key,US,On the Beach; Siesta Key SunBum Studio,Air conditioning,May 6 - 11,6,5,379.0,4.96,
Apartment in Laguna Beach,Apartment,Laguna Beach,US,Laguna Beach Charming Unit- Location/Value,Air conditioning,May 1 - 6,1,5,385.0,4.96,
Villa in Kissimmee,Villa,Kissimmee,US,Windsor At Westside Avenger Newest PS5 Game room,,May 11 - 16,11,5,209.0,4.92,
Home in Tucson,Home,Tucson,US,Central House w/ Pool & Hot Tub,"Pool, Jacuzzi",May 1 - 6,1,5,142.0,4.88,
Apartment in Fort Lauderdale,Apartment,Fort Lauderdale,US,Direct Ocean View from the Balcony,Ocean view,May 1 - 6,1,5,219.0,4.83,
Home in Terlingua,Home,Terlingua,US,Terlingua Mining Ruin - Lofthouse,,May 1 - 6,1,5,194.0,4.97,
Apartment in New York,Apartment,New York,US,Designer Upper East side apartment Two entrances.,,May 1 - 6,1,5,242.0,4.99,
Guesthouse in Naples,Guesthouse,Naples,US,Waterfront Sea Cottage,,May 1 - 6,1,5,82.0,4.8,
Bungalow in New Smyrna Beach,Bungalow,New Smyrna Beach,US,Relaxing Bungalow Steps from the Ocean,,May 1 - 6,1,5,102.0,4.86,
Apartment in Kissimmee,Apartment,Kissimmee,US,Modern Great Villa near Disney & Parks,,May 1 - 6,1,5,103.0,4.87,
Cottage in Kissimmee,Cottage,Kissimmee,US,Cozy Private Cottage 5 miles from Disney!,,May 1 - 6,1,5,100.0,4.92,
Room in Brooklyn,Room,Brooklyn,US,"Private Studio+Bath+Balcony, 15 mins to Manhattan",,May 1 - 6,1,5,144.0,4.96,
Room in Los Angeles,Room,Los Angeles,US,Large Master Bedroom w Hollywood sign VIEWS,,May 1 - 6,1,5,133.0,4.9,
Guest suite in Los Angeles,Guest suite,Los Angeles,US,Echo Park Retreat with Views,,May 1 - 6,1,5,116.0,4.94,
Home in Huntington Beach,Home,Huntington Beach,US,Beachfront Oasis,"Ocean front, Air conditioning",May 6 - 11,6,5,798.0,4.99,
Guesthouse in Colorado Springs,Guesthouse,Colorado Springs,US,The Enchanted Cottage at Easy Manor,,May 1 - 6,1,5,115.0,4.96,
Cabin in Hartsel,Cabin,Hartsel,US,☀Sunrise Cabin☀ Balcony Mtn Views┃Grill┃Firepit,,May 11 - 16,11,5,113.0,4.98,
Home in Phoenix,Home,Phoenix,US,Cactus House - private home with pool in Phoenix,"Pool, Air conditioning",May 1 - 8,1,5,277.0,4.99,
Condo in Fort Walton Beach,Condo,Fort Walton Beach,US,"Beautiful Beachfront condo! 2 Bdrm, 2 Bath","Ocean front, Air conditioning",May 1 - 6,1,5,300.0,4.9,
Room in Fairfield,Room,Fairfield,US,"""Vacation-Sanctuary / Gateway to Napa """,Air conditioning,May 1 - 6,1,5,114.0,4.97,
Cabin in Kanab,Cabin,Kanab,US,Elevation Celebration,,May 1 - 6,1,5,225.0,4.97,
Apartment in North Bay Village,Apartment,North Bay Village,US,Waterfront Studio Apartment with FREE Parking,Parking,May 1 - 6,1,5,160.0,4.63,
Home in Dana Point,Home,Dana Point,US,Betty's Beach Bungalow-Pet Friendly! STR21-1232,Air conditioning,May 1 - 6,1,5,171.0,4.97,
Home in Los Angeles,Home,Los Angeles,US,"Casual Colorful Venice House near Canals,Beach &Abbot Kinney",Air conditioning,May 1 - 6,1,5,323.0,4.95,
Condo in Miami Beach,Condo,Miami Beach,US,Beachfront Penthouse studio w/ pool on Miami Beach,"Pool, Ocean front, Air conditioning",May 1 - 8,1,5,181.0,4.85,
Dome in El Prado,Dome,El Prado,US,Geodesic Earth Dome,,May 1 - 6,1,5,91.0,4.9,
Home in Kissimmee,Home,Kissimmee,US,7-bedroom vacation home near Disney with pool/spa,"Pool, Air conditioning",May 1 - 6,1,5,222.0,4.83,
Townhouse in Kissimmee,Townhouse,Kissimmee,US,Beautiful 4BR Townhouse/Townhome close to Disney,,May 1 - 7,1,5,132.0,4.83,
Condo in Saint Petersburg,Condo,Saint Petersburg,US,Waterfront condo on top floor @ Boca Ciega Resort,,May 1 - 6,1,5,143.0,4.87,
Townhouse in Destin,Townhouse,Destin,US,Scenic Gulf view! Steps to private beach entry!,Air conditioning,May 1 - 6,1,5,305.0,5.0,
Condo in Fernandina Beach,Condo,Fernandina Beach,US,"Amelia Island, 2 bedroom beach front condo",Air conditioning,May 1 - 6,1,5,327.0,4.92,
Home in Smithville,Home,Smithville,US,"Fishing, Quiet & Wifi - 10 acres - Country Getaway","Wi-Fi, Air conditioning",May 1 - 6,1,5,117.0,4.98,
Guesthouse in San Diego,Guesthouse,San Diego,US,Cozy guest studio with private deck,,May 1 - 6,1,5,101.0,4.9,
Cottage in San Diego,Cottage,San Diego,US,Fabulous Cottage at the Beach,Air conditioning,May 1 - 6,1,5,253.0,4.94,
Resort in Panama City Beach,Resort,Panama City Beach,US,Beautiful ocean front condo Panama City Beach,"Ocean front, Air conditioning",May 1 - 6,1,5,143.0,4.78,
Guesthouse in Rolling Hills,Guesthouse,Rolling Hills,US,"A view, a pool, and, private cabana sleeps five",Pool,May 1 - 6,1,5,165.0,4.8,
Home in Tampa,Home,Tampa,US,The T and C Club,,May 1 - 6,1,5,247.0,4.97,
Condo in Cocoa Beach,Condo,Cocoa Beach,US,Oceanfront Apartment - Cocoa Beach,Air conditioning,May 1 - 6,1,5,176.0,4.89,
Apartment in Fort Lauderdale,Apartment,Fort Lauderdale,US,Jr.Suite at Ocean Residences on the Beach,Air conditioning,May 1 - 6,1,5,260.0,4.9,
Cottage in San Diego,Cottage,San Diego,US,Charming Cottage at the Beach,Air conditioning,May 11 - 16,11,5,253.0,4.91,
Condo in Fort Walton Beach,Condo,Fort Walton Beach,US,"PERFECT VIEW!! Waterfront, Marina, and 2 Pools!",Pool,May 4 - 9,4,5,99.0,4.98,
Condo in Las Vegas,Condo,Las Vegas,US,Breath-taking Strip View on 33rd Flr Luxury Resort,,May 1 - 6,1,5,118.0,4.73,
Apartment in Houston,Apartment,Houston,US,Downtown Suite -Pool/Wi-Fi/ SkyView!,"Pool, Wi-Fi",May 1 - 6,1,5,113.0,4.84,
Guest suite in Colorado Springs,Guest suite,Colorado Springs,US,Cañon Getaway- Cabin inspired home,,May 1 - 6,1,5,112.0,4.97,
Home in Waxhaw,Home,Waxhaw,US,Fox Farms Little House,,May 1 - 6,1,5,107.0,4.97,
Apartment in Miami,Apartment,Miami,US,Retro 1BR Apt #3 | Steps from the Water + Parking!,Parking,May 1 - 6,1,5,106.0,4.88,
Townhouse in Washington,Townhouse,Washington,US,North Capitol Hill Luxury Townhome in Perfect Location,,May 1 - 6,1,5,135.0,4.81,
Room in Naples,Room,Naples,US,Sunset Suite @ The Vanderbilt | Boutique~BnB,,May 1 - 6,1,5,224.0,4.96,
Apartment in Washington,Apartment,Washington,US,#3 Foggy Bottom/Georgetown Apartment,,May 7 - 12,7,5,209.0,4.82,
Condo in Tybee Island,Condo,Tybee Island,US,Direct Waterfront.Keyless entry.Dolphin watch.,,May 1 - 6,1,5,220.0,4.97,
Room in Galveston,Room,Galveston,US,Tropicana Suite-Grand Manor Luxury Mansion Loft,,May 1 - 6,1,5,104.0,4.86,
Home in Netarts,Home,Netarts,US,Retro Retreat by the Bay,,May 1 - 6,1,5,136.0,4.9,
Apartment in Miami Beach,Apartment,Miami Beach,US,Ocean Drive Beach Front Studio,Air conditioning,May 1 - 6,1,5,153.0,4.56,
Home in Cape Coral,Home,Cape Coral,US,Coastal Cape Home w/Heated Pool-Sleeps 6,Pool,May 1 - 6,1,5,125.0,4.85,
Home in Sedona,Home,Sedona,US,Local Sedona Humble Home,,May 1 - 6,1,5,236.0,4.91,
Home in Los Angeles,Home,Los Angeles,US,"Hollywood paradise studio in house,owned entrance",,May 1 - 6,1,5,103.0,4.89,
Room in Miami,Room,Miami,US,Luxe guest suite-perfect Staycation Pool & Parking,"Pool, Parking",May 1 - 6,1,5,101.0,4.91,
Home in The Sea Ranch,Home,The Sea Ranch,US,Casa Del Mar Spectacular Ocean Views!,"Ocean view, Air conditioning",May 1 - 6,1,5,434.0,4.97,
Apartment in Brooklyn,Apartment,Brooklyn,US,Cozy Garden Apartment,,May 1 - 6,1,5,117.0,4.93,
Cottage in Eastham,Cottage,Eastham,US,Classic Cape Cod Cottage,,May 1 - 6,1,5,143.0,4.92,
Home in Las Vegas,Home,Las Vegas,US,Modern 3 bds house with pool in Las Vegas,Pool,May 1 - 7,1,5,313.0,5.0,
Home in Gulfport,Home,Gulfport,US,Gecko House Unit #1,,May 1 - 6,1,5,88.0,4.88,
Apartment in Sunny Isles Beach,Apartment,Sunny Isles Beach,US,LOVELY OCEAN VIEW 1BD/1.5TH APT HIGH FLOOR|PARKING,"Ocean view, Parking",May 4 - 9,4,5,148.0,4.85,
Room in New York,Room,New York,US,spacious chelsea room,Air conditioning,May 1 - 6,1,5,106.0,4.9,
Guest suite in Naples,Guest suite,Naples,US,Tropical Garden Studio Cottage (2 miles to beach),Air conditioning,May 1 - 6,1,5,119.0,4.97,
Guesthouse in Portland,Guesthouse,Portland,US,Cozy Portland Studio Apartment,,May 1 - 6,1,5,104.0,4.98,
Apartment in Pompano Beach,Apartment,Pompano Beach,US,Direct beautiful beach and ocean view,"Ocean view, Air conditioning",May 1 - 6,1,5,173.0,4.93,
Condo in Hollywood,Condo,Hollywood,US,Beach paradise. Just minutes to restaurants shops.,Air conditioning,May 1 - 6,1,5,320.0,4.89,
Home in Palm Coast,Home,Palm Coast,US,Spacious Heated Pool home with pool/pingpong table,"Pool, Air conditioning",May 1 - 6,1,5,212.0,4.93,
Guesthouse in Rockaway Beach,Guesthouse,Rockaway Beach,US,The Strand Oceanview Studio - Dog Friendly!,,May 1 - 6,1,5,121.0,4.85,
Home in Lehigh Acres,Home,Lehigh Acres,US,Enjoy the most beautiful sunsets by the *pool,Pool,May 1 - 6,1,5,113.0,4.93,
Apartment in Carmel-by-the-Sea,Apartment,Carmel-by-the-Sea,US,Private romantic 1 br in Carmel Woods- love dogs,,May 1 - 6,1,5,149.0,4.86,
Condo in Sunny Isles Beach,Condo,Sunny Isles Beach,US,SUNNY ISLES GORGEOUS Apart 2210!! (+hotel fees),,May 1 - 6,1,5,191.0,4.91,
Cabin in Point Reyes Station,Cabin,Point Reyes Station,US,Point Reyes Unique Creekside Home with Hot Tub,Jacuzzi,May 1 - 6,1,5,271.0,4.89,
Cottage in Mount Pleasant,Cottage,Mount Pleasant,US,Perfect Cottage with Amazing Creek & Harbor Views & Location,,May 1 - 6,1,5,321.0,4.99,
Home in Treasure Island,Home,Treasure Island,US,Eiko Beach House 4BR/3BA Heatd Pool*Hot Tub* Pets,"Pool, Jacuzzi, Air conditioning",May 8 - 15,8,5,722.0,4.79,
Condo in Siesta Key,Condo,Siesta Key,US,New: Cozy 1BR Beach Condo on Siesta Key!!!,Air conditioning,May 1 - 6,1,5,157.0,4.82,
Condo in Anaheim,Condo,Anaheim,US,Across the street from Disney/Pool/Free Parking,"Pool, Parking, Air conditioning",May 1 - 6,1,5,342.0,4.99,
Condo in Sunny Isles Beach,Condo,Sunny Isles Beach,US,BEAUTIFULL CONDO IN THE HEART OF SUNNY ISLES.,,May 1 - 6,1,5,151.0,4.57,
Condo in Sunny Isles Beach,Condo,Sunny Isles Beach,US,BEAUTIFULL CONDO IN THE HEART OF SUNNY ISLES.,,May 1 - 6,1,5,151.0,4.57,
Condo in Pompano Beach,Condo,Pompano Beach,US,Spacious Studio - 1 minute walk to the beach!,Air conditioning,May 1 - 6,1,5,115.0,5.0,
Loft in Brooklyn,Loft,Brooklyn,US,Authentic Luxury Designed Loft,,May 1 - 6,1,5,178.0,4.88,
Home in Los Angeles,Home,Los Angeles,US,Hollywood Sunset Strip Private Executive Hideaway,,May 13 - 18,13,5,272.0,5.0,
Condo in Las Vegas,Condo,Las Vegas,US,Location Location Location 1 bdrm 0.5 mi of Strip,,May 1 - 6,1,5,124.0,4.7,
Apartment in Las Vegas,Apartment,Las Vegas,US,Trump Tower High Floor Strip View,,May 1 - 6,1,5,181.0,4.87,
Condo in Cocoa Beach,Condo,Cocoa Beach,US,"Dolphin Bay, Apartment 202",,May 1 - 6,1,5,140.0,4.84,
Home in St. Augustine,Home,St. Augustine,US,"Oceanfront, rustic cottage",,May 1 - 6,1,5,339.0,4.88,
Condo in Pensacola Beach,Condo,Pensacola Beach,US,Enjoy Sunsets at Fully Equipped 2BR Condo on Beach,Air conditioning,May 1 - 6,1,5,215.0,4.93,
Condo in Long Beach,Condo,Long Beach,US,Oceanfront Belmont Shore Coastal Luxe,,May 1 - 6,1,5,174.0,4.98,
Condo in Treasure Island,Condo,Treasure Island,US,Spectacular beach to bay views from this resort.,Air conditioning,May 1 - 6,1,5,218.0,4.67,
Condo in Longboat Key,Condo,Longboat Key,US,Directly on Longboat Key Beach - Kid Friendly/SRQ1,Air conditioning,May 1 - 6,1,5,196.0,4.89,
Guest suite in Lake Worth,Guest suite,Lake Worth,US,The Garden Suite at the Historic Chateau Bleu,,May 1 - 6,1,5,141.0,4.85,
Room in Kissimmee,Room,Kissimmee,US,Private Room in Orlando/Kissimmee (2Twins) T1,,May 1 - 6,1,5,43.0,4.9,
Guesthouse in San Antonio,Guesthouse,San Antonio,US,Casa Alexander,,May 1 - 6,1,5,73.0,4.92,
Apartment in Englewood,Apartment,Englewood,US,BEACH FRONT Unit w/ Pool Sandy Toe's # 5,"Pool, Air conditioning",May 7 - 12,7,5,233.0,4.96,
Room in Long Beach,Room,Long Beach,US,Across the Street from Beach Getaway/Near Convention Center,Air conditioning,May 1 - 6,1,5,106.0,4.85,
